serial_number,土地位置,土地移轉面積平方公尺,使用分區或編定,權利人持分分母,權利人持分分子,移轉情形,地號
RPQOMLLLQHIGFCA77CC,東湖段六小段,22.86,都市：商,NULL,NULL,NULL,5450000
RPXNMLNLQHIGFCA58CC,北安段三小段,0.0,都市：住,NULL,NULL,NULL,6580000
RPOOMLQKQHIGFBA87CC,漢中段三小段,5.2,都市：商,NULL,NULL,NULL,8160000
RPSOMLLKQHIGFCA87CC,榮星段三小段,0.0,都市：商,NULL,NULL,NULL,500000
RPPNMLNKQHIGFCA67CC,長安段三小段,28.75,都市：住,NULL,NULL,NULL,5730000
RPROMLTLQHIGFCA68CC,吉林段一小段,0.0,都市：住,NULL,NULL,NULL,3220000
RPQNMLPJQHIGFCA97DC,榮星段四小段,29.6,都市：商,NULL,NULL,NULL,4890000
RPTNMLTJQHIGFAA38CC,興泰段一小段,0.0,都市：住,NULL,NULL,NULL,8030000
RPUNMLOKQHIGFBA18CC,大龍段二小段,22.0,都市：住,NULL,NULL,NULL,4320000
RPUNMLOKQHIGFBA18CC,大龍段二小段,2.0,都市：住,NULL,NULL,NULL,4310000
RPRNMLRKQHIGFCA28CC,中山段三小段,0.0,都市：商,NULL,NULL,NULL,5350000
RPPNMLMLQHIGFCA67CC,吉林段三小段,0.0,都市：商,NULL,NULL,NULL,9210000
RPSOMLMLQHIGFCA08CC,西湖段四小段,0.0,都市：工,NULL,NULL,NULL,1510000
RPQNMLSLQHIGFCA38CC,長春段一小段,1.07,都市：商,NULL,NULL,NULL,7720000
RPUNMLOKQHIGFCA28CC,北安段一小段,0.0,都市：住,NULL,NULL,NULL,10007
RPUOMLKKQHIGFCA97CC,吉林段三小段,0.0,都市：住,NULL,NULL,NULL,6770000
RPPNMLTKQHIGFCA28CC,吉林段一小段,40.0,都市：其他:第二種商業區(特),NULL,NULL,NULL,5570000
RPPNMLMLQHIGFFA97CC,仁愛段三小段,0.0,都市：住,NULL,NULL,NULL,160000
RPSNMLMLQHIGFFA28CC,龍泉段一小段,0.0,都市：商,NULL,NULL,NULL,11240000
RPTNMLPLQHIGFFA68CC,大安段三小段,0.0,都市：住,NULL,NULL,NULL,5740000
RPRNMLSLPHIGFCA38CC,正義段三小段,0.0,都市：商,NULL,NULL,NULL,2960000
RPRNMLSLPHIGFCA38CC,正義段三小段,0.0,都市：商,NULL,NULL,NULL,2970000
RPPNMLOJQHIGFCA67CC,吉林段四小段,0.0,都市：商,NULL,NULL,NULL,4410000
RPRNMLSLPHIGFCA38CC,正義段三小段,0.0,都市：商,NULL,NULL,NULL,3170000
RPQNMLRJQHIGFCA08CC,金泰段,43.3,都市：住,NULL,NULL,NULL,720000
RPPNMLSJQHIGFCA08CC,榮星段三小段,87.0,都市：住,NULL,NULL,NULL,2910000
RPPNMLSJQHIGFCA08CC,榮星段三小段,8.0,都市：住,NULL,NULL,NULL,2900001
RPVNMLTKNHIGFFA88CC,金華段一小段,270.0,都市：住,NULL,NULL,NULL,2570000
RPRNMLRLPHIGFCA28CC,中山段一小段,223.04,都市：商,NULL,NULL,NULL,8270000
RPPNMLKMQHIGFBA47CC,臨沂段二小段,0.0,都市：住,NULL,NULL,NULL,1810000
RPUNMLLLRHIGFBB18CC,賴厝廍段,3.37,都市：住,NULL,NULL,NULL,3340000
RPQNMLLLRHIGFBB77CC,東光段,2.18,都市：商,NULL,NULL,NULL,1950001
RPSNMLLLRHIGFBB97CC,錦村段,39.1,都市：住,NULL,NULL,NULL,2210000
RPSNMLLLRHIGFBB97CC,錦村段,2.5,都市：住,NULL,NULL,NULL,2210011
RPTNMLLLRHIGFBB08CC,北屯段,3.04,都市：住,NULL,NULL,NULL,1680000
RPOOMLLLRHIGFBB67CC,碧柳段,12.08,都市：住,NULL,NULL,NULL,1590000
RPPNMLLLRHIGFBB67CC,同榮段,15.86,都市：住,NULL,NULL,NULL,21180000
RPVNMLLLRHIGFBB28CC,大盛段,58.38,都市：住,NULL,NULL,NULL,4910000
RPRNMLLLRHIGFBB87CC,中德段,2.38,都市：住,NULL,NULL,NULL,4660000
RPWNMLLLRHIGFBB38CC,東峰段,9.24,都市：住,NULL,NULL,NULL,1580000
RPTOMLLLRHIGFBB18CC,賴厝廍段,2.87,都市：商,NULL,NULL,NULL,4380000
RPSOMLLLRHIGFBB08CC,中德段,5.03,都市：住,NULL,NULL,NULL,4660000
RPQOMLLLRHIGFBB87CC,賴厝廍段,19.33,都市：住,NULL,NULL,NULL,280052
RPUOMLLLRHIGFBB28CC,東光段,2.3,都市：商,NULL,NULL,NULL,1950001
RPPOMLLLRHIGFBB77CC,邱厝子段,44.0,都市：住,NULL,NULL,NULL,1480418
RPVNMLLLRHIGFCB38CC,惠信段,8.3,都市：住,NULL,NULL,NULL,550000
RPUNMLLLRHIGFCB28CC,春安段,22.23,都市：住,NULL,NULL,NULL,5860000
RPXNMLLLRHIGFCB58CC,寶山段,22.21,都市：住,NULL,NULL,NULL,6420000
RPWNMLLLRHIGFCB48CC,上石碑段,4.52,都市：住,NULL,NULL,NULL,18050002
RPPOMLLLRHIGFCB87CC,永定段,83.0,都市：住,NULL,NULL,NULL,3250000
RPPOMLLLRHIGFCB87CC,永定段,12.0,都市：住,NULL,NULL,NULL,3260000
RPOOMLLLRHIGFCB77CC,福星段,418.8,都市：住,NULL,NULL,NULL,2950000
RPOOMLLLRHIGFCB77CC,福星段,437.07,都市：住,NULL,NULL,NULL,2960000
RPRNMLLLRHIGFCB97CC,上石碑段,0.0,都市：住,NULL,NULL,NULL,11870000
RPQNMLLLRHIGFCB87CC,民安段,5.34,都市：住,NULL,NULL,NULL,18860000
RPSOMLLLRHIGFCB18CC,廣明段,4.93,都市：住,NULL,NULL,NULL,6740000
RPPOMLLLRHIGFDB97CC,龍宮段,68.27,都市：住,NULL,NULL,NULL,10240000
RPRNMLLLRHIGFDB08CC,豐原段,87.0,都市：商,NULL,NULL,NULL,4020002
RPPNMLLLRHIGFIB38CC,新高鐵段,12.4,都市：商,NULL,NULL,NULL,890000
RPRNMLLLRHIGFIB58CC,光日段,11.13,都市：商,NULL,NULL,NULL,6280000
RPPNMLMLRHIGFBB77CC,建業段,75.0,都市：住,NULL,NULL,NULL,6270000
RPRNMLMLRHIGFBB97CC,乾溝子段,37.62,都市：住,NULL,NULL,NULL,1140003
RPPNMLLLRHIGFCB77CC,三塊厝段,2.42,都市：其他:市場用地,NULL,NULL,NULL,9940000
RPSNMLMLRHIGFBB08CC,平田段,9.14,都市：住,NULL,NULL,NULL,1000000
RPSNMLMLRHIGFBB08CC,平田段,1.69,都市：住,NULL,NULL,NULL,1000001
RPRNMLLLRHIGFHB48CC,家興段,16.65,都市：住,NULL,NULL,NULL,8790000
RPPNMLLLRHIGFHB28CC,東寶七段,27.73,都市：住,NULL,NULL,NULL,1020000
RPPNMLLLRHIGFHB28CC,東寶七段,2.06,都市：住,NULL,NULL,NULL,1030000
RPPNMLLLRHIGFHB28CC,東寶七段,9.07,都市：住,NULL,NULL,NULL,1040000
RPSNMLLLRHIGFHB58CC,大新段,16.83,都市：住,NULL,NULL,NULL,6650000
RPPNMLMLRHIGFCB87CC,福安段,20.08,都市：住,NULL,NULL,NULL,1500000
RPQNMLMLRHIGFCB97CC,福安段,19.25,都市：住,NULL,NULL,NULL,2900000
RPRNMLMLRHIGFCB08CC,國安段,4.52,都市：住,NULL,NULL,NULL,5900000
RPTNMLMLRHIGFCB28CC,惠智段,23.61,都市：住,NULL,NULL,NULL,1490000
RPUNMLMLRHIGFCB38CC,中義段,14.0,都市：住,NULL,NULL,NULL,7990000
RPUNMLMLRHIGFCB38CC,中義段,10.6,都市：住,NULL,NULL,NULL,8000000
RPVNMLMLRHIGFCB48CC,上石碑段,3.49,都市：住,NULL,NULL,NULL,21060000
RPWNMLMLRHIGFCB58CC,惠信段,3.13,都市：住,NULL,NULL,NULL,1180000
RPTNMLMLRHIGFBB18CC,東峰段,10.16,都市：住,NULL,NULL,NULL,1580000
RPWNMLMLRHIGFBB48CC,景東段,22.51,都市：住,NULL,NULL,NULL,4230000
RPVNMLMLRHIGFBB38CC,賴厝廍段,3.96,都市：住,NULL,NULL,NULL,710000
RPUNMLMLRHIGFBB28CC,東峰段,10.5,都市：住,NULL,NULL,NULL,1580000
RPXNMLMLRHIGFBB58CC,太順段,13.92,都市：住,NULL,NULL,NULL,1680000
RPOOMLMLRHIGFCB87CC,惠智段,4.1,都市：住,NULL,NULL,NULL,1340000
RPPOMLMLRHIGFCB97CC,國安段,27.46,都市：住,NULL,NULL,NULL,840000
RPPNMLMLRHIGFDB97CC,豐村段,168.14,都市：工,NULL,NULL,NULL,4400000
RPPNMLLLRHIGFJB48CC,信平段,21.27,都市：住,NULL,NULL,NULL,3810000
RPPNMLMLRHIGFHB38CC,上楓段,12.22,都市：住,NULL,NULL,NULL,12520000
RPQNMLMLRHIGFHB48CC,大豐段,42.92,都市：農,NULL,NULL,NULL,12380039
RPRNMLMLRHIGFHB58CC,家興段,14.36,都市：住,NULL,NULL,NULL,8730000
RPQNMLMLRHIGFIB58CC,自立段,19.54,都市：住,NULL,NULL,NULL,9020000
RPRNMLMLRHIGFIB68CC,湖日段,22.44,都市：住,NULL,NULL,NULL,9030000
RPPNMLMLRHIGFJB58CC,樹孝段,9.61,都市：住,NULL,NULL,NULL,17040000
RPPNMLMLRHIGFKB68CC,萬陵段,117.27,非都市：鄉村區 ; 非都市編定：乙種建築用地,NULL,NULL,NULL,2890000
RPQNMLMLRHIGFKB78CC,自強段,54.73,非都市：鄉村區 ; 非都市編定：乙種建築用地,NULL,NULL,NULL,7240000
RPPNMLMLRHIGFJB68DC,宜欣段,4.29,都市：住,NULL,NULL,NULL,21440000
RPQNMLMLRHIGFJB78DC,宜欣段,105.19,都市：住,NULL,NULL,NULL,19150000
RPQNMLMLRHIGFJB78DC,宜欣段,0.78,都市：住,NULL,NULL,NULL,19150001
RPPNMLNLRHIGFBB87CC,東峰段,10.25,都市：住,NULL,NULL,NULL,1580000
RPPNMLLLRHIGFFB08CC,興仁段,43.18,都市：住,NULL,NULL,NULL,4310000
RPVNMLMLRHIGFFB78CC,平等段,198.35,都市：住,NULL,NULL,NULL,6250000
RPRNMLMLRHIGFFB38CC,梧棲段,25.64,都市：住,NULL,NULL,NULL,31930000
RPSNMLLLRHIGFFB38CC,梧棲段,9.74,都市：商,NULL,NULL,NULL,29210000
RPSNMLMLRHIGFFB48CC,市鎮北段,13.1,都市：商,NULL,NULL,NULL,2730000
RPQNMLLLRHIGFFB18CC,市鎮北段,10.82,都市：商,NULL,NULL,NULL,1180000
RPTNMLMLRHIGFFB58CC,市鎮北段,17.08,都市：商,NULL,NULL,NULL,420000
RPWNMLMLRHIGFFB88CC,梧棲段,13.9,都市：商,NULL,NULL,NULL,28930000
RPRNMLNLRHIGFBB08CC,賴厝廍段,24.6,都市：住,NULL,NULL,NULL,540000
RPTNMLNLRHIGFBB28CC,大豐段,270.56,都市：住,NULL,NULL,NULL,3150000
RPPOMLNLRHIGFBB97CC,景福段,154.87,都市：住,NULL,NULL,NULL,700001
RPXNMLNLRHIGFBB68CC,中清段,8.56,都市：商,NULL,NULL,NULL,60000
RPSNMLNLRHIGFBB18CC,東光段,2.36,都市：商,NULL,NULL,NULL,1950001
RPUNMLNLRHIGFBB38CC,乾溝子段,29.2,都市：住,NULL,NULL,NULL,1510007
RPVNMLNLRHIGFBB48CC,竹興段,35.33,都市：住,NULL,NULL,NULL,2080000
RPOOMLNLRHIGFBB87CC,松竹段,14.58,都市：住,NULL,NULL,NULL,100001
RPQOMLNLRHIGFBB08CC,錦村段,23.08,都市：住,NULL,NULL,NULL,210000
RPXOMLNLRHIGFBB78CC,景福段,154.87,都市：住,NULL,NULL,NULL,700001
RPWOMLNLRHIGFBB68CC,北屯段,32.2,都市：住,NULL,NULL,NULL,410036
RPQNMLNLRHIGFCB08CC,豐功段,9.79,都市：商,NULL,NULL,NULL,1470000
RPVOMLNLRHIGFBB58CC,文正段,5.33,都市：商,NULL,NULL,NULL,80000
RPSNMLNLRHIGFCB28CC,西屯段,43.25,都市：住,NULL,NULL,NULL,12220003
RPRNMLNLRHIGFCB18CC,何厝段,2.83,都市：其他:市場用地,NULL,NULL,NULL,2610010
RPTNMLNLRHIGFCB38CC,大墩段,21.26,都市：住,NULL,NULL,NULL,4050000
RPVNMLNLRHIGFCB58CC,中正段,7.2,都市：商,NULL,NULL,NULL,1550000
RPPNMLNLRHIGFFB28CC,武秀段,19.29,都市：住,NULL,NULL,NULL,10200002
RPQNMLNLRHIGFFB38CC,梧棲段,13.12,都市：商,NULL,NULL,NULL,29210000
RPPNMLNLRHIGFHB48CC,頭家段,16.5,都市：住,NULL,NULL,NULL,7890000
RPQNMLNLRHIGFHB58CC,家興段,9.32,都市：住,NULL,NULL,NULL,5630000
RPSNMLNLRHIGFHB78CC,石牌段,20.38,都市：住,NULL,NULL,NULL,3860000
RPQNMLNLRHIGFIB68CC,德芳段,23.33,都市：住,NULL,NULL,NULL,2870000
RPRNMLNLRHIGFHB68CC,東寶一段,15.55,都市：住,NULL,NULL,NULL,3850000
RPQNMLNLRHIGFIB68CC,德芳段,1.23,都市：其他:道路用地,NULL,NULL,NULL,2870001
RPPNMLNLRHIGFIB58CC,新高鐵段,10.21,都市：商,NULL,NULL,NULL,510000
RPPNMLNLRHIGFKB78CC,龍田段,125.0,都市：商,NULL,NULL,NULL,10540019
RPQNMLNLRHIGFKB88CC,新東段,75.98,非都市：鄉村區 ; 非都市編定：乙種建築用地,NULL,NULL,NULL,4430000
RPRNMLNLRHIGFKB98CC,龍田段,11.74,都市：住,NULL,NULL,NULL,10610000
RPPNMLOLRHIGFCB08CC,民安段,146.92,都市：住,NULL,NULL,NULL,18960000
RPPNMLOLRHIGFCB08CC,民安段,342.52,都市：住,NULL,NULL,NULL,18950000
RPQNMLPLRHIGFBB18CC,東光段,2.18,都市：商,NULL,NULL,NULL,1950001
RPRNMLPLRHIGFBB28CC,東山段,15.23,都市：住,NULL,NULL,NULL,3580001
RPTNMLPLRHIGFBB48CC,東峰段,11.5,都市：住,NULL,NULL,NULL,1580000
RPUNMLPLRHIGFBB58CC,乾溝子段,29.1,都市：住,NULL,NULL,NULL,1140001
RPXNMLPLRHIGFBB88CC,賴厝廍段,2.98,都市：商,NULL,NULL,NULL,310003
RPXNMLPLRHIGFBB88CC,邱厝子段,2.39,都市：商,NULL,NULL,NULL,310062
RPOOMLPLRHIGFBB08CC,太原段,20.53,都市：住,NULL,NULL,NULL,1000000
RPQNMLPLRHIGFCB28CC,國安段,4.19,都市：住,NULL,NULL,NULL,1950000
RPPNMLPLRHIGFCB18CC,西屯段,13.74,都市：住,NULL,NULL,NULL,23710000
RPRNMLPLRHIGFCB38CC,福安段,4.88,都市：住,NULL,NULL,NULL,8040000
RPSNMLPLRHIGFCB48CC,建功段,10.8,都市：其他:空白,NULL,NULL,NULL,160000
RPPOMLPLRHIGFBB18CC,錦村段,25.2,都市：住,NULL,NULL,NULL,2130051
RPXOMLPLRHIGFCB09CC,順和段,6.29,都市：住,NULL,NULL,NULL,1420000
RPOPMLPLRHIGFCB28CC,西屯段,3.26,都市：商,NULL,NULL,NULL,9320000
RPPPMLPLRHIGFCB38CC,西屯段,3.26,都市：商,NULL,NULL,NULL,9320000
RPPNMLPLRHIGFFB48CC,鹿峰西段,26.15,都市：住,NULL,NULL,NULL,5440000
RPQNMLPLRHIGFFB58CC,晉江北段,8.23,都市：住,NULL,NULL,NULL,1080000
RPPNMLPLRHIGFIB78CC,新榮和段,25.96,都市：商,NULL,NULL,NULL,1460000
RPQNMLPLRHIGFIB88CC,新高鐵段,9.44,都市：商,NULL,NULL,NULL,510000
RPRNMLPLRHIGFHB88CC,雅潭段,33.0,都市：住,NULL,NULL,NULL,410000
RPRNMLPLRHIGFFB68CC,鹿寮段,17.67,都市：住,NULL,NULL,NULL,11290000
RPPNMLPLRHIGFJB88CC,平欣段,197.0,都市：住,NULL,NULL,NULL,100064
RPRNMLPLRHIGFJB09CC,育賢段,19.08,都市：住,NULL,NULL,NULL,2010008
RPQNMLPLRHIGFJB98CC,新興段,28.01,都市：住,NULL,NULL,NULL,1500000
RPTNMLQLRHIGFBB58CC,錦村段,28.4,都市：商,NULL,NULL,NULL,2500001
RPVNMLQLRHIGFBB78CC,水湳段,48.0,都市：住,NULL,NULL,NULL,2260000
RPUNMLQLRHIGFBB68CC,東峰段,9.7,都市：住,NULL,NULL,NULL,1580000
RPXNMLQLRHIGFBB98CC,賴厝廍段,34.28,都市：住,NULL,NULL,NULL,3400011
RPOOMLQLRHIGFBB18CC,賴厝廍段,2.51,都市：住,NULL,NULL,NULL,4420000
RPTOMLQLRHIGFBB68CC,平田段,19.6,都市：住,NULL,NULL,NULL,5830030
RPPOMLQLRHIGFBB28CC,錦村段,26.35,都市：商,NULL,NULL,NULL,2530016
RPTOMLQLRHIGFBB68CC,平田段,4.27,都市：住,NULL,NULL,NULL,5830039
RPTOMLQLRHIGFBB68CC,平田段,5.92,都市：住,NULL,NULL,NULL,5830041
RPQNMLQLRHIGFCB38CC,順和段,28.84,都市：住,NULL,NULL,NULL,1400000
RPROMLQLRHIGFBB48CC,水湳段,4.59,都市：住,NULL,NULL,NULL,1240000
RPUOMLQLRHIGFBB78CC,平田段,12.55,都市：住,NULL,NULL,NULL,5830030
RPUOMLQLRHIGFBB78CC,平田段,2.73,都市：住,NULL,NULL,NULL,5830039
RPUOMLQLRHIGFBB78CC,平田段,3.79,都市：住,NULL,NULL,NULL,5830041
RPRNMLQLRHIGFCB48CC,國安段,13.22,都市：住,NULL,NULL,NULL,5930489
RPSNMLQLRHIGFCB58CC,何厝段,3.06,都市：其他:市場用地,NULL,NULL,NULL,2610010
RPPNMLQLRHIGFFB58CC,晉江北段,8.23,都市：住,NULL,NULL,NULL,1080000
RPPOMLQLRHIGFCB38CC,上石碑段,5.92,都市：住,NULL,NULL,NULL,15350000
RPROMLQLRHIGFCB58CC,中正段,6.23,都市：住,NULL,NULL,NULL,1550000
RPWNMLQLRHIGFCB98CC,國安段,34.71,都市：住,NULL,NULL,NULL,2920000
RPQNMLQLRHIGFFB68CC,晉江北段,8.23,都市：住,NULL,NULL,NULL,1080000
RPUNMLQLRHIGFCB78CC,惠民段,12.11,都市：其他:新市政中心專用區,NULL,NULL,NULL,110000
RPTNMLQLRHIGFCB68CC,福安段,16.75,都市：住,NULL,NULL,NULL,2250000
RPRNMLQLRHIGFFB78CC,晉江北段,8.23,都市：住,NULL,NULL,NULL,1080000
RPTNMLQLRHIGFFB98CC,市鎮北段,19.13,都市：商,NULL,NULL,NULL,2380000
RPUNMLQLRHIGFFB09CC,銀聯段,76.0,都市：住,NULL,NULL,NULL,21200039
RPSNMLQLRHIGFFB88CC,晉江北段,8.23,都市：住,NULL,NULL,NULL,1080000
RPWNMLQLRHIGFFB66CC,晉江北段,8.23,都市：住,NULL,NULL,NULL,1080000
RPQNMLQLRHIGFHB88CC,民生段,24.05,都市：住,NULL,NULL,NULL,11510000
RPUNMLQLRHIGFIB76CC,內新段,24.52,都市：住,NULL,NULL,NULL,6920000
RPXOMLQLRHIGFIB17CC,武德段,23.25,都市：住,NULL,NULL,NULL,5870000
RPXNMLQLRHIGFIB07CC,益民段,28.05,都市：住,NULL,NULL,NULL,13590000
RPQNMLRLRHIGFBB38CC,文北段,22.55,都市：住,NULL,NULL,NULL,1610000
RPPNMLRLRHIGFBB28CC,錦村段,13.07,都市：住,NULL,NULL,NULL,770000
RPSNMLRLRHIGFBB58CC,仁美段,6.5,都市：商,NULL,NULL,NULL,17450000
RPPNMLQLRHIGFKB09CC,龍田段,46.0,都市：住,NULL,NULL,NULL,10620015
RPSOMLRLRHIGFBB68CC,北屯段,30.34,都市：住,NULL,NULL,NULL,2100000
RPVOMLRLRHIGFBB98CC,賴厝廍段,3.38,都市：商,NULL,NULL,NULL,310003
RPXOMLRLRHIGFBB56CC,文正段,1.88,都市：商,NULL,NULL,NULL,1010001
RPUOMLRLRHIGFBB88CC,文正段,0.0,都市：商,NULL,NULL,NULL,250089
RPVOMLRLRHIGFBB98CC,邱厝子段,2.71,都市：商,NULL,NULL,NULL,310062
RPWOMLRLRHIGFBB09CC,賴厝廍段,3.21,都市：商,NULL,NULL,NULL,310003
RPWOMLRLRHIGFBB09CC,邱厝子段,2.57,都市：商,NULL,NULL,NULL,310062
RPOPMLRLRHIGFBB38CC,文正段,0.0,都市：商,NULL,NULL,NULL,250083
RPOPMLRLRHIGFBB38CC,文正段,0.0,都市：商,NULL,NULL,NULL,270395
RPOPMLRLRHIGFBB38CC,文正段,0.0,都市：商,NULL,NULL,NULL,270646
RPRNMLRLRHIGFCB58CC,上石碑段,18.39,都市：住,NULL,NULL,NULL,7580000
RPQNMLRLRHIGFCB48CC,寶山段,22.7,都市：住,NULL,NULL,NULL,8300000
RPPPMLRLRHIGFBB48CC,東峰段,11.13,都市：住,NULL,NULL,NULL,1580000
RPUPMLRLRHIGFBB98CC,同榮段,12.92,都市：住,NULL,NULL,NULL,14900003
RPTPMLRLRHIGFBB88CC,陳平段,33.5,都市：住,NULL,NULL,NULL,7340026
RPTNMLRLRHIGFCB78CC,國安段,11.87,都市：住,NULL,NULL,NULL,120015
RPVNMLRLRHIGFCB98CC,中正段,5.67,都市：住,NULL,NULL,NULL,1550000
RPXNMLRLRHIGFCB56CC,何安段,4.7,都市：住,NULL,NULL,NULL,3710000
RPPOMLRLRHIGFCB48CC,國安段,5.16,都市：商,NULL,NULL,NULL,1980000
RPOOMLRLRHIGFCB38CC,西屯段,3.58,都市：住,NULL,NULL,NULL,21460000
RPPNMLRLRHIGFFB68CC,銀聯段,53.51,都市：住,NULL,NULL,NULL,2020000
RPRNMLRLRHIGFFB88CC,市鎮北段,17.23,都市：商,NULL,NULL,NULL,2950000
RPQNMLRLRHIGFFB78CC,市鎮南段,18.54,都市：商,NULL,NULL,NULL,550000
RPSNMLRLRHIGFFB98CC,市鎮北段,10.75,都市：商,NULL,NULL,NULL,2980000
RPPNMLRLRHIGFHB88CC,自強段,16.25,非都市：特定農業區 ; 非都市編定：甲種建築用地,NULL,NULL,NULL,7100022
RPQNMLRLRHIGFHB98CC,上楓段,955.0,都市：農,NULL,NULL,NULL,15330009
RPQNMLRLRHIGFHB98CC,上楓段,831.0,都市：農,NULL,NULL,NULL,15330010
RPQNMLRLRHIGFHB98CC,上楓段,10.0,都市：農,NULL,NULL,NULL,15330011
RPQNMLRLRHIGFHB98CC,上楓段,24.0,都市：農,NULL,NULL,NULL,15260000
RPQNMLRLRHIGFHB98CC,上楓段,4.0,都市：農,NULL,NULL,NULL,15260002
RPQNMLRLRHIGFHB98CC,上楓段,391.5,都市：農,NULL,NULL,NULL,15310000
RPQNMLRLRHIGFHB98CC,上楓段,198.0,都市：農,NULL,NULL,NULL,15310002
RPRNMLRLRHIGFHB09CC,家興段,28.73,都市：住,NULL,NULL,NULL,8730000
RPSNMLRLRHIGFHB56CC,興華段,15.33,都市：商,NULL,NULL,NULL,3530000
RPTNMLRLRHIGFIB76CC,大衛段,18.36,都市：商,NULL,NULL,NULL,5990000
RPUNMLRLRHIGFIB86CC,西榮段,9.47,都市：商,NULL,NULL,NULL,3150000
RPPNMLRLRHIGFJB09CC,中華段,83.06,非都市：鄉村區 ; 非都市編定：乙種建築用地,NULL,NULL,NULL,5700000
RPPNMLRLRHIGFKB56CC,東海段,37.47,都市：住,NULL,NULL,NULL,9500000
RPRNMLRLRHIGFJB66CC,平欣段,20.65,都市：住,NULL,NULL,NULL,2290000
RPPNMLSLRHIGFBB38CC,東山段,1.7,都市：商,NULL,NULL,NULL,2210000
RPQNMLSLRHIGFBB48CC,景美段,7.36,都市：住,NULL,NULL,NULL,3520000
RPQNMLSLRHIGFBB48CC,景美段,13.14,都市：住,NULL,NULL,NULL,3550000
RPRNMLSLRHIGFBB58CC,邱厝子段,4.34,都市：住,NULL,NULL,NULL,270008
RPQNMLSLRHIGFCB58CC,何安段,10.86,都市：住,NULL,NULL,NULL,4860000
RPPNMLSLRHIGFCB48CC,國安段,6.18,都市：住,NULL,NULL,NULL,3000000
RPSNMLSLRHIGFCB78CC,國安段,26.03,都市：住,NULL,NULL,NULL,5990000
RPXNMLSLRHIGFBB56CC,太祥段,75.79,都市：住,NULL,NULL,NULL,930079
RPVNMLSLRHIGFBB98CC,平田段,8.24,都市：住,NULL,NULL,NULL,8810000
RPSOMLSLRHIGFCB88CC,大新段,7.62,都市：住,NULL,NULL,NULL,1160000
RPTOMLSLRHIGFCB98CC,上石碑段,9.73,都市：住,NULL,NULL,NULL,16170000
RPROMLSLRHIGFCB78CC,上石碑段,9.73,都市：住,NULL,NULL,NULL,16170000
RPUOMLSLRHIGFCB09CC,田心段,7.84,都市：住,NULL,NULL,NULL,5920000
RPVOMLSLRHIGFCB56CC,中義段,11.32,都市：住,NULL,NULL,NULL,7840001
RPVOMLSLRHIGFCB56CC,中義段,8.21,都市：住,NULL,NULL,NULL,7860000
RPWOMLSLRHIGFCB66CC,西屯段,3.83,都市：住,NULL,NULL,NULL,22950000
RPXOMLSLRHIGFCB76CC,民安段,6.38,都市：住,NULL,NULL,NULL,5710000
RPOPMLSLRHIGFCB58CC,中義段,8.4,都市：住,NULL,NULL,NULL,2810000
RPOPMLSLRHIGFCB58CC,中義段,0.73,都市：住,NULL,NULL,NULL,2820000
RPPNMLSLRHIGFDB58CC,豐原段,82.0,都市：商,NULL,NULL,NULL,1900019
RPUNMLSLRHIGFDB09CC,向陽段,15.47,都市：商,NULL,NULL,NULL,2500000
RPWNMLSLRHIGFDB66CC,南陽段,16.24,都市：住,NULL,NULL,NULL,7830000
RPXNMLSLRHIGFDB76CC,豐原段,5.0,都市：商,NULL,NULL,NULL,2920079
RPXNMLSLRHIGFDB76CC,豐原段,6.0,都市：商,NULL,NULL,NULL,2920089
RPXNMLSLRHIGFDB76CC,豐原段,77.0,都市：商,NULL,NULL,NULL,2920024
RPXNMLSLRHIGFDB76CC,豐原段,5.0,都市：商,NULL,NULL,NULL,2920078
RPOOMLSLRHIGFDB58CC,車路墘段車路墘小段,53.0,都市：農,NULL,NULL,NULL,940024
RPPNMLSLRHIGFIB09CC,東城段,24.83,都市：住,NULL,NULL,NULL,120000
RPUNMLSLRHIGFFB66CC,市鎮北段,10.86,都市：商,NULL,NULL,NULL,2980000
RPQOMLSLRHIGFCB68CC,大新段,19.43,都市：住,NULL,NULL,NULL,6630000
RPOOMLRJPHIGFBB87CC,賴厝廍段,91.0,都市：商,NULL,NULL,NULL,2220032
RPWOMLSLRHIGFIB27CC,仁德段,28.97,都市：住,NULL,NULL,NULL,4610000
RPOOMLSLRHIGFIB09CC,新三和段,32.13,都市：住,NULL,NULL,NULL,700001
RPPNMLTLRHIGFCB58CC,田心段,289.98,都市：商,NULL,NULL,NULL,9810006
RPUNMLTLRHIGFIB07CC,新高鐵段,12.4,都市：商,NULL,NULL,NULL,890000
RPQNMLMJIIIGFCB96CC,大進段,19.21,都市：住,NULL,NULL,NULL,9450000
RPPNMLMJIIIGFDB96CC,豐社段,330.57,都市：農,NULL,NULL,NULL,5410000
RPQNMLMJIIIGFHB47CC,上楓段,19.02,都市：住,NULL,NULL,NULL,12750000
RPSNMLMJIIIGFBB07CC,錦村段,3.88,都市：商,NULL,NULL,NULL,2930015
RPSNMLMJIIIGFBB07CC,錦村段,7.35,都市：住,NULL,NULL,NULL,4140000
RPSNMLMJIIIGFBB07CC,錦村段,2.24,都市：住,NULL,NULL,NULL,2970000
RPSNMLMJIIIGFBB07CC,錦村段,0.07,都市：住,NULL,NULL,NULL,2970055
RPQNMLMJIIIGFIB57CC,自立段,67.83,都市：住,NULL,NULL,NULL,5500000
RPRTMLMJIIIGFIB28CC,峰西段,12.06,都市：商,NULL,NULL,NULL,2590000
RPWNMLMJIIIGFBB47CC,水源段,20.4,都市：住,NULL,NULL,NULL,310043
RPWNMLMJIIIGFBB47CC,水源段,7.8,都市：住,NULL,NULL,NULL,310064
RPVNMLMJIIIGFBB37CC,陳平段,83.0,都市：住,NULL,NULL,NULL,34580000
RPPRMLMJIIIGFIB87CC,喬城段,12.32,都市：住,NULL,NULL,NULL,4470000
RPPOMLNJIIIGFCB07CC,福德段,30.5,都市：住,NULL,NULL,NULL,160000
RPPNMLNJIIIGFIB57CC,中興段,28.25,都市：住,NULL,NULL,NULL,810004
RPPNMLNJIIIGFDB07CC,豐原段,31.93,都市：住,NULL,NULL,NULL,8250013
RPVNMLNJIIIGFCB57CC,國安段,4.35,都市：住,NULL,NULL,NULL,2920002
RPOOMLOJIIIGFCB07CC,惠民段,15.67,都市：其他:新市政中心專用區,NULL,NULL,NULL,1390000
RPQOMLOJIIIGFCB27CC,大進段,12.83,都市：住,NULL,NULL,NULL,6170000
RPTNMLOJIIIGFBB37CC,錦村段,28.09,都市：住,NULL,NULL,NULL,3680002
RPQNMLOJIIIGFBB07CC,北屯段,3.38,都市：住,NULL,NULL,NULL,1680003
RPVPMLOJIIIGFCB87CC,三塊厝段,23.15,都市：住,NULL,NULL,NULL,5990000
RPSOMLOJIIIGFIB08CC,大仁段,11.54,都市：商,NULL,NULL,NULL,210000
RPWNMLOJIIIGFCB77CC,福安段,26.16,都市：住,NULL,NULL,NULL,80001
RPVNMLOJIIIGFCB67CC,惠民段,10.13,都市：其他:新市政中心專用區,NULL,NULL,NULL,1110000
RPSNMLOJIIIGFCB37CC,惠民段,12.67,都市：其他:新市政中心專用區,NULL,NULL,NULL,110000
RPXNMLOJIIIGFCB87CC,大進段,19.16,都市：住,NULL,NULL,NULL,6170000
RPTNMLOJIIIGFCB47CC,大新段,16.07,都市：商,NULL,NULL,NULL,3670000
RPTOMLOJIIIGFBB47CC,平田段,14.8,都市：住,NULL,NULL,NULL,1000000
RPTOMLOJIIIGFBB47CC,平田段,2.73,都市：住,NULL,NULL,NULL,1000001
RPUOMLQJIIIGFBB77CC,東光段,73.0,都市：商,NULL,NULL,NULL,5010006
RPTOMLQJIIIGFBB67CC,北屯段,5.41,都市：住,NULL,NULL,NULL,1680003
RPOPMLQJIIIGFBB27CC,北屯段,11.08,都市：住,NULL,NULL,NULL,2210004
RPUNMLQJIIIGFCB77CC,上石碑段,19.26,都市：住,NULL,NULL,NULL,20760000
RPPOMLQJIIIGFCB37CC,中和段,21.19,都市：住,NULL,NULL,NULL,1400000
RPRNMLQJIIIGFBB37CC,東峰段,6.93,都市：住,NULL,NULL,NULL,1580000
RPVOMLLKIIIGFBB47CC,賴厝廍段,17.55,都市：住,NULL,NULL,NULL,700000
RPQNMLLKIIIGFCB96CC,惠民段,6.63,都市：商,NULL,NULL,NULL,1430000
RPTNMLLKIIIGFCB27CC,大明段,10.88,都市：商,NULL,NULL,NULL,2300000
RPPNMLLKIIIGFIB47CC,立新段,46.91,非都市：鄉村區 ; 非都市編定：乙種建築用地,NULL,NULL,NULL,13060000
RPPNMLMKIIIGFIB57CC,新高鐵段,12.4,都市：商,NULL,NULL,NULL,890000
RPPNMLMKIIIGFCB96CC,上石碑段,21.93,都市：住,NULL,NULL,NULL,20880000
RPRNMLMKIIIGFCB17CC,田心段,8.25,都市：住,NULL,NULL,NULL,10210000
RPWNMLMKIIIGFBB57CC,陳平段,15.88,都市：住,NULL,NULL,NULL,18930004
RPSOMLNKIIIGFBB37CC,賴厝廍段,81.0,都市：商,NULL,NULL,NULL,3430070
RPTOMLNKIIIGFBB47CC,賴厝廍段,3.33,都市：商,NULL,NULL,NULL,310003
RPTOMLNKIIIGFBB47CC,邱厝子段,2.68,都市：商,NULL,NULL,NULL,310062
RPTNMLNKIIIGFCB47CC,惠民段,33.85,都市：其他:新市政特區,NULL,NULL,NULL,1380000
RPOPMLNKIIIGFCB17CC,保安段,9.99,都市：住,NULL,NULL,NULL,4580000
RPQNMLNKIIIGFDB27CC,南陽段,100.13,都市：住,NULL,NULL,NULL,8770022
RPPNMLNKIIIGFDB17CC,豐原段,2.95,都市：商,NULL,NULL,NULL,6440020
RPPNMLNKIIIGFDB17CC,豐原段,0.62,都市：商,NULL,NULL,NULL,6440051
RPPNMLOKIIIGFCB17CC,上石碑段,9.73,都市：住,NULL,NULL,NULL,14750000
RPPNMLOKIIIGFCB17CC,上石碑段,3.16,都市：商,NULL,NULL,NULL,14740000
RPVNMLOKIIIGFBB67CC,倡和段,11.22,都市：商,NULL,NULL,NULL,1880000
RPQNMLOKIIIGFCB27CC,中義段,18.17,都市：住,NULL,NULL,NULL,6560000
RPPNMLQKIIIGFBB27CC,松茂段,76.0,都市：住,NULL,NULL,NULL,820000
RPPNMLPKIIIGFHB77CC,潭陽段,14.26,都市：住,NULL,NULL,NULL,7100000
RPXNMLQKIIIGFCB18CC,豐功段,34.47,都市：住,NULL,NULL,NULL,1070000
RPPOMLQKIIIGFCB47CC,保安段,13.75,都市：住,NULL,NULL,NULL,6360000
RPQOMLQKIIIGFCB57CC,中正段,24.13,都市：商,NULL,NULL,NULL,1550001
RPVNMLQKIIIGFIB58CC,益民段,65.22,都市：住,NULL,NULL,NULL,1940000
RPOPMLLKIIIGFBB86CC,太祥段,18.44,都市：住,NULL,NULL,NULL,1200000
RPSPMLLKIIIGFBB27CC,文北段,14.43,都市：住,NULL,NULL,NULL,60000
RPQNMLTKIIIGFBB67CC,錦村段,2.23,都市：商,NULL,NULL,NULL,2870037
RPXOMLTKIIIGFBB48CC,中清段,9.92,都市：住,NULL,NULL,NULL,540000
RPXNMLTKIIIGFCB48CC,中仁段,11.86,都市：商,NULL,NULL,NULL,3320000
RPVNMLTKIIIGFCB28CC,大墩段,23.29,都市：住,NULL,NULL,NULL,4050000
RPUOMLTKIIIGFCB28CC,惠來厝段,15.14,都市：住,NULL,NULL,NULL,1190000
RPSNMLKLIIIGFBB07CC,中興段,8.7,都市：住,NULL,NULL,NULL,1660000
RPRNMLKLIIIGFCB07CC,大新段,11.99,都市：住,NULL,NULL,NULL,2890000
RPQNMLKLIIIGFBB86CC,仁美段,18.49,都市：住,NULL,NULL,NULL,17130000
RPPNMLKLIIIGFIB47CC,大衛段,23.23,都市：住,NULL,NULL,NULL,1530000
RPPNMLMLIIIGFBB96CC,太順段,35.64,都市：住,NULL,NULL,NULL,1490000
RPRNMLNLIIIGFBB27CC,賴厝廍段,9.99,都市：住,NULL,NULL,NULL,1170002
RPRNMLNLIIIGFCB37CC,福德段,270.83,都市：住,NULL,NULL,NULL,230000
RPPNMLNLIIIGFDB27CC,圳前段,21.84,都市：住,NULL,NULL,NULL,8350000
RPPNMLNLIIIGFIB77CC,鳳凰段,8.41,非都市：工業區 ; 非都市編定：丁種建築用地,NULL,NULL,NULL,1680028
RPPNMLNLIIIGFJB87CC,新光段,8.0,都市：住,NULL,NULL,NULL,720000
RPPNMLNLIIIGFJB87CC,新光段,0.21,都市：住,NULL,NULL,NULL,720001
RPPNMLNLIIIGFJB87CC,新光段,173.63,都市：住,NULL,NULL,NULL,740000
RPPNMLNLIIIGFJB87CC,新光段,3.75,都市：住,NULL,NULL,NULL,750000
RPRNMLNLIIIGFJB08CC,麗園段,83.55,非都市：鄉村區 ; 非都市編定：乙種建築用地,NULL,NULL,NULL,640000
RPQNMLNLIIIGFHB77CC,家興段,12.96,都市：住,NULL,NULL,NULL,5640000
RPTNMLPLIIIGFCB77CC,寶文段,44.94,都市：住,NULL,NULL,NULL,470003
RPUNMLPLIIIGFCB87CC,新富段,23.37,都市：住,NULL,NULL,NULL,1000005
RPUNMLQLIIIGFBB87CC,東信段,220.9,都市：住,NULL,NULL,NULL,720000
RPQOMLQLIIIGFBB57CC,賴厝廍段,36.0,都市：住,NULL,NULL,NULL,3620019
RPPNMLQKIIIGFCB47DC,惠安段,17.26,都市：商,NULL,NULL,NULL,2430000
RPTNMLQLIIIGFCB87CC,西屯段,15.74,都市：住,NULL,NULL,NULL,22500000
RPPNMLOLIIIGFBB17CC,乾溝子段,3.81,都市：住,NULL,NULL,NULL,1350000
RPROMLNLIIIGFBB37CC,太原段,24.56,都市：住,NULL,NULL,NULL,1400001
RPUOMLNLIIIGFBB67CC,錦村段,19.22,都市：住,NULL,NULL,NULL,1930074
RPQOMLNLIIIGFBB27CC,東正段,12.4,都市：住,NULL,NULL,NULL,720003
RPVNMLNLIIIGFBB67CC,賴厝廍段,26.55,都市：住,NULL,NULL,NULL,3630000
RPUNMLQLIIIGFCB97CC,豐富段,7.83,都市：商,NULL,NULL,NULL,4650000
RPROMLLJJIIGFCB17CC,寶文段,24.0,都市：住,NULL,NULL,NULL,720021
RPQNMLLLRHIGFDC18DC,延年段,35.0,都市：商,NULL,NULL,NULL,70000
RPTNMLSLPHIGFDC88CC,德安段,12.39,都市：住,NULL,NULL,NULL,10900000
RPSNMLSLPHIGFDC78CC,德安段,29.71,都市：住,NULL,NULL,NULL,11420000
RPWNMLMLRHIGFDC78CC,源遠段,19.36,都市：住,NULL,NULL,NULL,13710000
RPPNMLLJNHIGFDC47DC,德安段,28.96,都市：住,NULL,NULL,NULL,11420000
RPPNMLMLRHIGFDC08CC,德安段,3.78,都市：住,NULL,NULL,NULL,10900000
RPUNMLLLRHIGFDC48CC,調和段,0.0,都市：住,NULL,NULL,NULL,13820021
RPTNMLNLRHIGFDC58CC,港灣段二小段,0.0,都市：商,NULL,NULL,NULL,440086
RPUNMLNLRHIGFDC68CC,大德段,0.0,都市：住,NULL,NULL,NULL,6800018
RPSOMLMJIIIGFDC47CC,光明段,0.0,都市：住,NULL,NULL,NULL,5040002
RPSOMLMJIIIGFDC47CC,光明段,0.0,都市：住,NULL,NULL,NULL,5080000
RPTNMLMJIIIGFDC47CC,田寮段,0.0,都市：商,NULL,NULL,NULL,4740000
RPOOMLMJIIIGFDC07CC,長潭段,0.0,都市：住,NULL,NULL,NULL,8450003
RPRNMLMJIIIGFDC27CC,源遠段,0.0,都市：住,NULL,NULL,NULL,11280009
RPPNMLSLRHIGFDC68CC,源遠段,12.57,都市：住,NULL,NULL,NULL,11280002
RPPNMLTLRHIGFDC78CC,明德段,25.12,都市：住,NULL,NULL,NULL,6550000
RPQNMLMJIIIGFDC17CC,德安段,0.0,都市：商,NULL,NULL,NULL,10900000
RPPNMLMKIIIGFDC17CC,德厚段,0.0,都市：商,NULL,NULL,NULL,380000
RPRNMLMKIIIGFDC37CC,長潭段,0.0,都市：住,NULL,NULL,NULL,8920000
RPTNMLOJIIIGFDC67CC,調和段,0.0,都市：住,NULL,NULL,NULL,14130000
RPPNMLNKIIIGFDC27CC,調和段,0.0,都市：住,NULL,NULL,NULL,14130000
RPOOMLQKIIIGFDC57CC,延年段,9.07,都市：商,NULL,NULL,NULL,9380000
RPOOMLQKIIIGFDC57CC,延年段,4.19,都市：其他:道路用地,NULL,NULL,NULL,9380001
RPOOMLQKIIIGFDC57CC,延年段,60.69,都市：商,NULL,NULL,NULL,9390000
RPOOMLQKIIIGFDC57CC,延年段,22.32,都市：其他:道路用地,NULL,NULL,NULL,9390001
RPPNMLLLIIIGFDC17CC,工建段,0.0,都市：住,NULL,NULL,NULL,5120000
RPRNMLLLRHIGFAD97CC,立人段,7.25,都市：住,NULL,NULL,NULL,650003
RPTOMLLLRHIGFAD28CC,環河段,114.0,都市：住,NULL,NULL,NULL,23670000
RPQOMLLLRHIGFAD97CC,北元段,1.22,都市：住,NULL,NULL,NULL,10700000
RPQOMLLLRHIGFAD97CC,北元段,35.28,都市：住,NULL,NULL,NULL,10700004
RPQOMLLLRHIGFAD97CC,北元段,11.33,都市：住,NULL,NULL,NULL,10700008
RPRNMLLLRHIGFBD08CC,慈安段,66.11,都市：工,NULL,NULL,NULL,660000
RPRNMLLLRHIGFBD08CC,慈安段,18.88,都市：其他:道路用地,NULL,NULL,NULL,650000
RPUNMLLLRHIGFCD48CC,公英段,124.0,都市：住,NULL,NULL,NULL,12570009
RPRNMLLLRHIGFKD98CC,龍埔段,68.14,都市：住,NULL,NULL,NULL,24140000
RPPNMLLLRHIGFGD38CC,佳里段,88.0,都市：商,NULL,NULL,NULL,10900007
RPTNMLLLRHIGFID98CC,八甲段,19.83,非都市：一般農業區 ; 非都市編定：甲種建築用地,NULL,NULL,NULL,1510000
RPTNMLLLRHIGFID98CC,八甲段,73.0,非都市：一般農業區 ; 非都市編定：甲種建築用地,NULL,NULL,NULL,1510057
RPPNMLMLRHIGFBD97CC,淵北段,37.37,都市：住,NULL,NULL,NULL,4150019
RPPNMLMLRHIGFBD97CC,淵北段,68.87,都市：住,NULL,NULL,NULL,4120011
RPPNMLMLRHIGFCD08CC,新興段,148.0,都市：住,NULL,NULL,NULL,2450004
RPPNMLNLRHIGFBD08CC,溪墘段,118.83,都市：住,NULL,NULL,NULL,520000
RPQNMLNLRHIGFCD28CC,同安段,73.23,都市：住,NULL,NULL,NULL,7420000
RPUOMLNLRHIGFAD58CC,文元段,103.29,都市：住,NULL,NULL,NULL,7910000
RPUOMLNLRHIGFAD58CC,文元段,108.34,都市：住,NULL,NULL,NULL,7920000
RPPNMLNLRHIGFGD58CC,佳化段,37.64,非都市：鄉村區 ; 非都市編定：乙種建築用地,NULL,NULL,NULL,13420000
RPSNMLPLRHIGFAD48CC,康祥段,81.09,都市：住,NULL,NULL,NULL,90000
RPSNMLPLRHIGFAD48CC,康祥段,80.11,都市：住,NULL,NULL,NULL,100000
RPTNMLPLRHIGFAD58CC,開元段,10.72,都市：商,NULL,NULL,NULL,5970000
RPTNMLPLRHIGFAD58CC,開元段,0.51,都市：住,NULL,NULL,NULL,6180000
RPTNMLPLRHIGFAD58CC,開元段,0.03,都市：其他:廣場（停車?）用地,NULL,NULL,NULL,3610025
RPTNMLPLRHIGFHD66CC,福壽段,139.24,都市：其他:,NULL,NULL,NULL,9730000
RPQNMLQLRHIGFAD38CC,中山段,39.0,都市：商,NULL,NULL,NULL,4290000
RPQNMLQLRHIGFAD38CC,中山段,103.02,都市：商,NULL,NULL,NULL,4300000
RPQNMLQLRHIGFAD38CC,中山段,2.1,都市：其他:道路用地,NULL,NULL,NULL,4300001
RPQNMLQLRHIGFAD38CC,中山段,39.03,都市：商,NULL,NULL,NULL,4310000
RPUNMLQLRHIGFAD78CC,新南段,109.0,都市：住,NULL,NULL,NULL,840007
RPPNMLQLRHIGFBD38CC,國安段,221.56,都市：住,NULL,NULL,NULL,15200008
RPQNMLQLRHIGFBD48CC,國安段,223.27,都市：住,NULL,NULL,NULL,15200007
RPPNMLMLRHIGFDD18CC,新茄苳段,278.34,都市：其他:產業專用區,NULL,NULL,NULL,1180002
RPPNMLQLRHIGFKD66CC,南工段,77.7,都市：住,NULL,NULL,NULL,3000000
RPSOMLQLRHIGFKD07CC,大灣段,0.0,都市：住,NULL,NULL,NULL,87350000
RPVNMLRLRHIGFAD98CC,新南段,6.14,都市：住,NULL,NULL,NULL,1080025
RPPNMLRLRHIGFCD58CC,水交社段,10.77,都市：住,NULL,NULL,NULL,70000
RPPNMLRLRHIGFCD58CC,水交社段,6.81,都市：住,NULL,NULL,NULL,90000
RPPNMLRLRHIGFCD58CC,水交社段,10.67,都市：住,NULL,NULL,NULL,110000
RPSNMLRLRHIGFHD76CC,看西段,60.0,都市：住,NULL,NULL,NULL,11150008
RPPNMLRLRHIGFKD76CC,橋北段,172.09,都市：住,NULL,NULL,NULL,290000
RPPNMLRLRHIGFKD76CC,橋北段,88.56,都市：住,NULL,NULL,NULL,290001
RPUNMLSLRHIGFAD98CC,新南段,9.16,都市：商,NULL,NULL,NULL,780006
RPRNMLSLRHIGFBD78CC,和業段,508.86,都市：工,NULL,NULL,NULL,11450000
RPSNMLSLRHIGFBD88CC,科工段,330.58,都市：工,NULL,NULL,NULL,2530000
RPSNMLSLRHIGFBD88CC,科工段,330.58,都市：工,NULL,NULL,NULL,2540000
RPRNMLSLRHIGFCD88CC,新東段,35.55,都市：住,NULL,NULL,NULL,700015
RPROMLSLRHIGFHD86CC,新北段,34.22,都市：住,NULL,NULL,NULL,570000
RPPNMLSLRHIGFHD56CC,三民段,113.92,都市：其他:,NULL,NULL,NULL,7190000
RPQNMLTLRHIGFBD78CC,鎮安段,75.23,都市：住,NULL,NULL,NULL,4380000
RPPNMLTLRHIGFAD58CC,五條港段,2.04,都市：商,NULL,NULL,NULL,1040000
RPPNMLTLRHIGFAD58CC,五條港段,3.09,都市：商,NULL,NULL,NULL,1050000
RPTNMLSLRHIGFID07CC,八甲段,2393.0,非都市：一般農業區 ; 非都市編定：農牧用地,NULL,NULL,NULL,41240000
RPSNMLMJIIIGFAD17CC,新南段,11.06,都市：商,NULL,NULL,NULL,780006
RPQNMLMJIIIGFID77CC,崁腳北段,270.5,都市：工,NULL,NULL,NULL,10320000
RPPNMLNJIIIGFAD07DC,北元段,43.7,都市：住,NULL,NULL,NULL,7220000
RPQNMLMJIIIGFHD67CC,善西段,234.8,都市：住,NULL,NULL,NULL,4370000
RPRNMLRJIIIGFBD67CC,安西段,24.14,都市：住,NULL,NULL,NULL,21290000
RPPNMLRJIIIGFGD97CC,佳里段,8.01,都市：商,NULL,NULL,NULL,16300041
RPPNMLTJIIIGFBD67CC,安和段,394.27,都市：其他:空白,NULL,NULL,NULL,5190000
RPPNMLTJIIIGFBD67CC,安和段,292.3,都市：其他:空白,NULL,NULL,NULL,5200000
RPPNMLTJIIIGFBD67CC,安和段,879.86,都市：其他:空白,NULL,NULL,NULL,5210000
RPPNMLTJIIIGFBD67CC,安和段,199.0,都市：其他:空白,NULL,NULL,NULL,5210001
RPPNMLTJIIIGFBD67CC,安和段,0.49,都市：其他:空白,NULL,NULL,NULL,5210002
RPSNMLLKIIIGFKD18CC,大灣段,66.0,都市：住,NULL,NULL,NULL,68120003
RPPNMLLKIIIGFKD97DC,六甲頂段,170.0,都市：住,NULL,NULL,NULL,6060000
RPOOMLQJIIIGFKD28CC,六甲頂段,3.27,都市：住,NULL,NULL,NULL,10910000
RPQNMLNKIIIGFAD17CC,金華段,3.44,都市：住,NULL,NULL,NULL,450001
RPQNMLNKIIIGFHD87CC,港口段,33.48,非都市：鄉村區 ; 非都市編定：乙種建築用地,NULL,NULL,NULL,28380000
RPRNMLOKIIIGFAD37CC,延平段,32.06,都市：住,NULL,NULL,NULL,11690060
RPSNMLOKIIIGFAD47CC,北元段,24.19,都市：住,NULL,NULL,NULL,7480000
RPPNMLPKIIIGFID08CC,武東段,34.09,都市：住,NULL,NULL,NULL,1060001
RPSNMLMKIIIGFCD47CC,竹篙厝段,13.75,都市：住,NULL,NULL,NULL,16780014
RPRNMLQKIIIGFCD77CC,富農段,5.05,都市：住,NULL,NULL,NULL,480000
RPRNMLQKIIIGFCD77CC,富農段,2.02,都市：住,NULL,NULL,NULL,480001
RPPNMLQKIIIGFKD38CC,埔園段,21.93,都市：住,NULL,NULL,NULL,8550000
RPSOMLRKIIIGFCD08CC,竹篙厝段,100.0,都市：住,NULL,NULL,NULL,18040002
RPXOMLRKIIIGFCD58CC,仁和段,53.01,都市：住,NULL,NULL,NULL,12780000
RPPNMLTKIIIGFAD67CC,上鯤鯓段,79.54,都市：住,NULL,NULL,NULL,4000000
RPPNMLTKIIIGFAD67CC,上鯤鯓段,75.95,都市：住,NULL,NULL,NULL,4000001
RPPNMLTKIIIGFHD38CC,港口段,1692.65,非都市：一般農業區 ; 非都市編定：農牧用地,NULL,NULL,NULL,2380006
RPPNMLTKIIIGFHD38CC,港口段,456.12,非都市：一般農業區 ; 非都市編定：農牧用地,NULL,NULL,NULL,2070001
RPPNMLKLIIIGFED27CC,中興段,1322.0,都市：住,NULL,NULL,NULL,7610000
RPPNMLKLIIIGFID67CC,香洋段,122.0,都市：住,NULL,NULL,NULL,9020000
RPQNMLNLIIIGFDD57CC,三興段,63.94,都市：住,NULL,NULL,NULL,4080000
RPWNMLQLIIIGFCD38CC,東寧段,88.0,都市：商,NULL,NULL,NULL,4340000
RPWNMLQLIIIGFCD38CC,東寧段,89.0,都市：商,NULL,NULL,NULL,4350000
RPOOMLTKIIIGFCD87CC,大山段,236.19,都市：住,NULL,NULL,NULL,4210000
RPQNMLRLIIIGFDD97CC,新生段,98.62,都市：住,NULL,NULL,NULL,11310000
RPPNMLLLRHIGFAE87CC,青海段,8.4,都市：商,NULL,NULL,NULL,1720000
RPSNMLLLRHIGFAE18CC,前金段,4.04,都市：商,NULL,NULL,NULL,930004
RPOOMLLLRHIGFAE87CC,青海段,17.04,都市：住,NULL,NULL,NULL,650000
RPXNMLLLRHIGFAE68CC,興仁段,16.88,都市：商,NULL,NULL,NULL,8180000
RPPOMLLLRHIGFAE97CC,博孝段,1.98,都市：商,NULL,NULL,NULL,14130000
RPQOMLLLRHIGFAE08CC,龍華段二小段,38.67,都市：住,NULL,NULL,NULL,5970000
RPUNMLLLRHIGFCE58CC,光華段一小段,113.0,都市：商,NULL,NULL,NULL,18050000
RPPNMLLLRHIGFDE18CC,大港段,26.15,都市：住,NULL,NULL,NULL,36170000
RPPOMLLLRHIGFDE28CC,陽明段二小段,19.15,都市：住,NULL,NULL,NULL,1570000
RPSNMLLLRHIGFEE58CC,芎蕉段,65.86,都市：住,NULL,NULL,NULL,2730016
RPSNMLLLRHIGFGE78CC,文英段,12.93,都市：住,NULL,NULL,NULL,21420003
RPTNMLLLRHIGFGE88CC,竹子腳段,24.13,都市：住,NULL,NULL,NULL,2230361
RPSNMLLLRHIGFIE98CC,仁新段,644.0,都市：農,NULL,NULL,NULL,7830015
RPTNMLMLRHIGFBE48CC,新興段一小段,7.98,都市：商,NULL,NULL,NULL,21050000
RPTNMLMLRHIGFBE48CC,新興段一小段,1.14,都市：商,NULL,NULL,NULL,21050001
RPTNMLMLRHIGFBE48CC,新興段一小段,0.32,都市：其他:道路用地,NULL,NULL,NULL,21050002
RPPOMLMLRHIGFBE18CC,林德官段,5.68,都市：商,NULL,NULL,NULL,12940023
RPPNMLMLRHIGFCE18CC,鳳鼻頭段,9510.0,都市：其他:都市計畫外,NULL,NULL,NULL,10560000
RPPNMLMLRHIGFCE18CC,鳳鼻頭段,10852.0,都市：其他:都市計畫外,NULL,NULL,NULL,10570000
RPVNMLMLRHIGFDE88CC,獅頭段一小段,22.16,都市：商,NULL,NULL,NULL,20640000
RPVNMLMLRHIGFDE88CC,獅頭段一小段,18.48,都市：住,NULL,NULL,NULL,20640001
RPROMLMLRHIGFDE58CC,中都段三小段,122.69,都市：住,NULL,NULL,NULL,11570054
RPRNMLMLRHIGFEE58CC,福民段,15.46,都市：住,NULL,NULL,NULL,1110000
RPVNMLMLRHIGFEE98CC,莒光段一小段,16.5,都市：住,NULL,NULL,NULL,11990003
RPOOMLMLRHIGFEE38CC,新庄段八小段,16.68,都市：住,NULL,NULL,NULL,490000
RPQOMLMLRHIGFEE58CC,左東段,109.0,都市：商,NULL,NULL,NULL,1390008
RPQNMLMLRHIGFGE68CC,道爺廍段,1.0,都市：住,NULL,NULL,NULL,1330005
RPQNMLMLRHIGFGE68CC,道爺廍段,332.0,都市：住,NULL,NULL,NULL,1340003
RPQNMLMLRHIGFGE68CC,道爺廍段,107.0,都市：住,NULL,NULL,NULL,1350051
RPQNMLMLRHIGFGE68CC,道爺廍段,4.0,都市：住,NULL,NULL,NULL,1360192
RPTNMLNLRHIGFAE48CC,龍華段八小段,12.08,都市：商,NULL,NULL,NULL,22590000
RPRNMLNLRHIGFDE58CC,鼎泰段,15.5,都市：住,NULL,NULL,NULL,13760001
RPSNMLNLRHIGFGE98CC,五甲段,63.0,都市：住,NULL,NULL,NULL,11410036
RPQNMLLLRHIGFLE09CC,義堂段,595.04,都市：農,NULL,NULL,NULL,2300001
RPPNMLNLRHIGFLE56CC,磚子磘段,320.0,都市：農,NULL,NULL,NULL,38510004
RPQNMLPLRHIGFBE48CC,林聖段,18.61,都市：商,NULL,NULL,NULL,410000
RPTNMLPLRHIGFBE78CC,福東段,18.0,都市：住,NULL,NULL,NULL,2340000
RPVNMLPLRHIGFBE98CC,大統段二小段,10.23,都市：商,NULL,NULL,NULL,2440000
RPXNMLPLRHIGFBE56CC,苓雅寮段,226.0,都市：商,NULL,NULL,NULL,8530000
RPXNMLPLRHIGFBE56CC,苓雅寮段,135.0,都市：商,NULL,NULL,NULL,8530001
RPRNMLPLRHIGFCE68CC,松華段,105.57,都市：住,NULL,NULL,NULL,50037
RPPNMLPLRHIGFDE58CC,大裕段一小段,68.56,都市：住,NULL,NULL,NULL,2100000
RPPNMLNLRHIGFFE58CC,甲圍段,31.17,非都市：鄉村區 ; 非都市編定：乙種建築用地,NULL,NULL,NULL,220000
RPPNMLNLRHIGFFE58CC,甲圍段,8.18,非都市：鄉村區 ; 非都市編定：乙種建築用地,NULL,NULL,NULL,230000
RPPNMLNLRHIGFFE58CC,甲圍段,43.29,非都市：鄉村區 ; 非都市編定：乙種建築用地,NULL,NULL,NULL,240000
RPRNMLNLRHIGFFE78CC,瓊安段,132.23,都市：農,NULL,NULL,NULL,1910000
RPVOMLPLRHIGFDE66CC,澄義段,89.6,都市：商,NULL,NULL,NULL,2660000
RPWOMLPLRHIGFDE76CC,獅頭段一小段,26.79,都市：住,NULL,NULL,NULL,20280000
RPOPMLPLRHIGFDE68CC,灣復段,5.47,都市：商,NULL,NULL,NULL,5520000
RPQNMLPLRHIGFEE78CC,清豐段,12.47,都市：商,NULL,NULL,NULL,4050000
RPUNMLPLRHIGFEE56CC,新庄段五小段,26.32,都市：住,NULL,NULL,NULL,7170000
RPWNMLPLRHIGFEE76CC,新庄段七小段,12.15,都市：住,NULL,NULL,NULL,9890000
RPQNMLPLRHIGFGE98CC,明頂段,13.54,都市：住,NULL,NULL,NULL,960000
RPTNMLPLRHIGFGE66CC,竹子腳段,99.0,都市：住,NULL,NULL,NULL,1320034
RPTNMLPLRHIGFGE66CC,竹子腳段,10.0,都市：其他:未分割,NULL,NULL,NULL,1320158
RPRNMLPLRHIGFGE09CC,新甲段,8.13,都市：住,NULL,NULL,NULL,12450305
RPPNMLPLRHIGFIE09CC,灣勢段,901.45,都市：農,NULL,NULL,NULL,1880000
RPPNMLPLRHIGFIE09CC,灣勢段,233.82,都市：其他:道路用地,NULL,NULL,NULL,1930000
RPPNMLPLRHIGFIE09CC,灣勢段,110.0,都市：其他:道路用地,NULL,NULL,NULL,2120000
RPQNMLPLRHIGFIE56CC,萬金段,591.74,都市：農,NULL,NULL,NULL,650013
RPPNMLQLRHIGFAE38CC,龍華段二小段,74.0,都市：住,NULL,NULL,NULL,12390000
RPQNMLQLRHIGFBE58CC,五塊厝段,63.0,都市：商,NULL,NULL,NULL,17310000
RPSNMLQLRHIGFCE88CC,瑞隆段一小段,133.0,都市：住,NULL,NULL,NULL,6100000
RPVNMLQLRHIGFDE66CC,鼎泰段,11.8,都市：住,NULL,NULL,NULL,14740001
RPXNMLQLRHIGFDE86CC,獅頭段,26.25,都市：商,NULL,NULL,NULL,21320000
RPQOMLQLRHIGFDE88CC,鼎泰段,401.37,都市：住,NULL,NULL,NULL,14170000
RPVOMLQLRHIGFDE76CC,灣內段,42.24,都市：工,NULL,NULL,NULL,320000
RPVOMLQLRHIGFDE76CC,灣內段,44.02,都市：工,NULL,NULL,NULL,330000
RPWNMLQLRHIGFEE86CC,右昌段四小段,82.0,都市：商,NULL,NULL,NULL,990000
RPWNMLQLRHIGFEE86CC,右昌段四小段,82.0,都市：商,NULL,NULL,NULL,1000000
RPUNMLQLRHIGFEE66CC,新民段,68.0,都市：住,NULL,NULL,NULL,750000
RPPNMLQLRHIGFFE88CC,岡山段,5.16,都市：住,NULL,NULL,NULL,300008
RPQNMLQLRHIGFGE09CC,牛潮埔段,11.9,都市：住,NULL,NULL,NULL,7580000
RPSNMLQLRHIGFGE66CC,新甲段,22.49,都市：住,NULL,NULL,NULL,13230071
RPSNMLPLNHIGFBE38DC,五塊厝段二小段,0.0,都市：商,NULL,NULL,NULL,26010000
RPPNMLQLRHIGFLE86CC,大寮段芎蕉腳小段,41.0,都市：商,NULL,NULL,NULL,22800004
RPPNMLQLRHIGFLE86CC,大寮段芎蕉腳小段,36.0,都市：商,NULL,NULL,NULL,22800013
RPXNMLRLRHIGFAE66CC,鼓南段三小段,27.21,都市：商,NULL,NULL,NULL,14440000
RPVNMLRLRHIGFAE09CC,龍華段二小段,72.0,都市：住,NULL,NULL,NULL,5970017
RPPOMLRLRHIGFBE68CC,苓東段,93.0,都市：商,NULL,NULL,NULL,4210000
RPPOMLRLRHIGFBE68CC,苓東段,102.0,都市：商,NULL,NULL,NULL,4220000
RPRNMLRLRHIGFCE88CC,店鎮段,17.4,都市：住,NULL,NULL,NULL,6940001
RPRNMLRLRHIGFCE88CC,店鎮段,8.8,都市：住,NULL,NULL,NULL,6950001
RPQNMLRLRHIGFEE98CC,左北段,81.0,都市：商,NULL,NULL,NULL,3600000
RPXNMLRLRHIGFEE07CC,新庄段六小段,12.77,都市：住,NULL,NULL,NULL,9130000
RPPOMLRLRHIGFEE98CC,和平段一小段,5.7,都市：住,NULL,NULL,NULL,6710000
RPPOMLRLRHIGFEE98CC,和平段一小段,0.8,都市：住,NULL,NULL,NULL,6720000
RPPOMLRLRHIGFEE98CC,和平段一小段,20.6,都市：住,NULL,NULL,NULL,6730000
RPVOMLRLRHIGFEE96CC,福民段,21.86,都市：住,NULL,NULL,NULL,910000
RPUNMLRLRHIGFGE96CC,維新段,110.42,都市：住,NULL,NULL,NULL,11170004
RPQNMLRLRHIGFIE76CC,竹園段,220.0,都市：工,NULL,NULL,NULL,12360271
RPRNMLRLRHIGFIE86CC,永和段,89.25,都市：住,NULL,NULL,NULL,3080101
RPPNMLRLRHIGFGE56DC,華鳳段,19.44,都市：住,NULL,NULL,NULL,350000
RPPNMLRLRHIGFDE88DC,大港段,2.85,都市：商,NULL,NULL,NULL,35650000
RPSNMLSLRHIGFAE88CC,龍華段二小段,3.77,都市：商,NULL,NULL,NULL,6300001
RPWNMLSLRHIGFAE66CC,內惟段一小段,158.0,都市：住,NULL,NULL,NULL,14310000
RPXNMLSLRHIGFAE76CC,青海段,26.68,都市：住,NULL,NULL,NULL,3680000
RPQOMLSLRHIGFDE09CC,建生段,14.49,都市：住,NULL,NULL,NULL,930000
RPOPMLSLRHIGFDE98CC,金獅段,10.43,都市：商,NULL,NULL,NULL,1200000
RPQNMLSLRHIGFEE09CC,芎蕉段,9.75,都市：商,NULL,NULL,NULL,130000
RPTPMLSLRHIGFDE86CC,大順段,25.68,都市：商,NULL,NULL,NULL,8070000
RPRNMLSLRHIGFIE96CC,赤南段,81.88,都市：住,NULL,NULL,NULL,1090038
RPPNMLTLRHIGFBE78CC,意誠段,3.67,都市：商,NULL,NULL,NULL,1990000
RPQNMLTLRHIGFEE56CC,新庄段十二小段,100.0,都市：商,NULL,NULL,NULL,12120003
RPPNMLKMRHIGFBE97CC,林德官段一小段,2.56,都市：商,NULL,NULL,NULL,23490000
RPPNMLMJIIIGFDE27CC,澄東段,43.8,都市：住,NULL,NULL,NULL,1010000
RPRNMLMJIIIGFDE47CC,澄東段,39.76,都市：住,NULL,NULL,NULL,1010000
RPOOMLMJIIIGFEE37CC,新庄段十三小段,6.33,都市：其他:第五種住宅區,NULL,NULL,NULL,14420000
RPRNMLMJIIIGFFE67CC,橋南段,28.0,都市：住,NULL,NULL,NULL,10090006
RPQNMLMJIIIGFFE57CC,岡山段,2.67,都市：商,NULL,NULL,NULL,3860056
RPQNMLMJIIIGFGE67CC,文英段,42.0,都市：商,NULL,NULL,NULL,10060001
RPQNMLMJIIIGFGE67CC,文英段,1518.0,都市：住,NULL,NULL,NULL,10060000
RPRNMLNJIIIGFAE27CC,文東段,31.32,都市：商,NULL,NULL,NULL,15140000
RPWNMLNJIIIGFAE77CC,龍華段八小段,9.93,都市：商,NULL,NULL,NULL,23830000
RPRNMLNJIIIGFBE37CC,意誠段,5.15,都市：商,NULL,NULL,NULL,1990000
RPRNMLNJIIIGFCE47CC,光華段一小段,7.39,都市：住,NULL,NULL,NULL,19070000
RPRNMLNJIIIGFCE47CC,光華段一小段,1.21,都市：住,NULL,NULL,NULL,19070016
RPUNMLNJIIIGFBE67CC,意誠段,4.02,都市：商,NULL,NULL,NULL,1990000
RPWNMLNJIIIGFEE18CC,福山段,94.11,都市：住,NULL,NULL,NULL,380007
RPPNMLNJIIIGFIE87CC,善德段,38.35,都市：其他:空白,NULL,NULL,NULL,7850000
RPPNMLNJIIIGFIE87CC,善德段,10.19,都市：其他:空白,NULL,NULL,NULL,7860000
RPRNMLOJIIIGFEE77CC,新庄段六小段,114.0,都市：住,NULL,NULL,NULL,5170000
RPVNMLOJIIIGFGE38CC,曹公段,255.92,都市：工,NULL,NULL,NULL,2160016
RPQNMLOJIIIGFLE38CC,山子頂段,1156.5,都市：農,NULL,NULL,NULL,33150000
RPRNMLOJIIIGFIE18CC,仁和段,1497.05,都市：住,NULL,NULL,NULL,7280000
RPRNMLOJIIIGFIE18CC,仁和段,278.96,都市：住,NULL,NULL,NULL,7270000
RPRNMLQJIIIGFAE57CC,青海段,26.16,都市：住,NULL,NULL,NULL,650000
RPQNMLQJIIIGFAE47CC,龍中段,18.06,都市：商,NULL,NULL,NULL,280001
RPVNMLQJIIIGFCE18CC,獅甲段,0.3,都市：商,NULL,NULL,NULL,3300000
RPVNMLQJIIIGFCE18CC,獅甲段,0.97,都市：商,NULL,NULL,NULL,3310000
RPPNMLRJIIIGFCE67CC,中厝段,11.95,都市：商,NULL,NULL,NULL,2340000
RPPNMLSJIIIGFCE77CC,獅甲段,0.31,都市：商,NULL,NULL,NULL,3300000
RPPNMLSJIIIGFCE77CC,獅甲段,0.97,都市：商,NULL,NULL,NULL,3310000
RPPNMLTJIIIGFIE48CC,澄德段,30.47,都市：商,NULL,NULL,NULL,950000
RPQNMLTJIIIGFGE38CC,五甲段,625.0,都市：住,NULL,NULL,NULL,11000003
RPRNMLTJIIIGFIE68CC,八德段,57.67,都市：住,NULL,NULL,NULL,5780000
RPPNMLKKIIIGFEE27CC,援中段一小段,231.4,都市：住,NULL,NULL,NULL,1220000
RPPNMLKKIIIGFGE47CC,七老爺段,11.0,都市：住,NULL,NULL,NULL,3220001
RPPNMLKKIIIGFGE47CC,七老爺段,4.0,都市：住,NULL,NULL,NULL,12330005
RPPNMLKKIIIGFGE47CC,七老爺段,16.0,都市：住,NULL,NULL,NULL,12330041
RPPNMLKKIIIGFGE47CC,七老爺段,1389.0,都市：住,NULL,NULL,NULL,12340002
RPRNMLLKIIIGFAE17CC,鹽府段,33.0,都市：商,NULL,NULL,NULL,2530000
RPQNMLLKIIIGFBE17CC,五塊厝段,8.88,都市：商,NULL,NULL,NULL,15070000
RPQNMLLKIIIGFBE17CC,五塊厝段,7.36,都市：住,NULL,NULL,NULL,15070001
RPVNMLLKIIIGFCE77CC,憲德段一小段,72.0,都市：商,NULL,NULL,NULL,8120030
RPVNMLLKIIIGFDE87CC,水源段,27.2,都市：商,NULL,NULL,NULL,5690000
RPVNMLLKIIIGFDE87CC,水源段,316.07,都市：商,NULL,NULL,NULL,5700000
RPXNMLLKIIIGFGE38CC,保成段,15.51,都市：住,NULL,NULL,NULL,990000
RPPNMLMKIIIGFAE07CC,龍華段八小段,15.87,都市：商,NULL,NULL,NULL,22720000
RPRNMLMKIIIGFCE47CC,店鎮段二小段,63.0,都市：住,NULL,NULL,NULL,29300000
RPPNMLMKIIIGFEE47CC,右昌段五小段,68.0,都市：住,NULL,NULL,NULL,10150001
RPWNMLMKIIIGFEE18CC,新庄段一小段,14.24,都市：其他:市場用地,NULL,NULL,NULL,12720000
RPSOMLMKIIIGFEE87CC,廍後段,18.38,都市：住,NULL,NULL,NULL,1130004
RPQNMLMKIIIGFGE77CC,新甲段,22.21,都市：住,NULL,NULL,NULL,11020002
RPPNMLMKIIIGFGE67CC,華鳳段,13.81,都市：住,NULL,NULL,NULL,1510000
RPPNMLMKIIIGFGE67CC,華鳳段,1.78,都市：住,NULL,NULL,NULL,1510001
RPSNMLMKIIIGFGE97CC,新甲段,22.21,都市：住,NULL,NULL,NULL,11020002
RPUNMLMKIIIGFGE18CC,保成段,39.38,都市：住,NULL,NULL,NULL,990000
RPWNMLMKIIIGFGE38CC,赤山段,78.0,都市：住,NULL,NULL,NULL,6510002
RPXNMLNKIIIGFDE28CC,大港段四小段,4.27,都市：住,NULL,NULL,NULL,21140008
RPUNMLNKIIIGFEE08CC,藍田西段,37.71,都市：住,NULL,NULL,NULL,560000
RPXNMLNKIIIGFEE38CC,新庄段十三小段,3.88,都市：商,NULL,NULL,NULL,15380000
RPOOMLNKIIIGFEE57CC,果貿段,24.2,都市：住,NULL,NULL,NULL,20006
RPRNMLNKIIIGFLE48CC,頂厝段,70.0,都市：住,NULL,NULL,NULL,6630002
RPPNMLOKIIIGFAE27CC,內惟段八小段,53.0,都市：住,NULL,NULL,NULL,290006
RPPNMLOKIIIGFAE27CC,內惟段八小段,23.0,都市：住,NULL,NULL,NULL,290010
RPPNMLOKIIIGFGE87CC,新甲段,66.0,都市：住,NULL,NULL,NULL,12450056
RPPNMLOKIIIGFCE47CC,盛興段一小段,9.27,都市：商,NULL,NULL,NULL,16850000
RPQNMLOKIIIGFEE77CC,菜公段四小段,82.0,都市：住,NULL,NULL,NULL,10450000
RPPNMLQKIIIGFAE47CC,龍北段,9.72,都市：住,NULL,NULL,NULL,170000
RPRNMLQKIIIGFAE67CC,龍華段八小段,8.42,都市：商,NULL,NULL,NULL,22100000
RPSNMLQKIIIGFBE87CC,新興段一小段,17.91,都市：商,NULL,NULL,NULL,4220000
RPRNMLQKIIIGFBE77CC,正言段,8.93,都市：商,NULL,NULL,NULL,3090000
RPRNMLQKIIIGFBE77CC,正言段,5.31,都市：住,NULL,NULL,NULL,3090001
RPQNMLQKIIIGFCE77CC,竹北段一小段,27.79,都市：住,NULL,NULL,NULL,20960000
RPQNMLQKIIIGFDE87CC,覆鼎金段覆鼎金小段,14.61,都市：住,NULL,NULL,NULL,14900000
RPTNMLQKIIIGFDE18CC,澄東段,35.29,都市：住,NULL,NULL,NULL,1100000
RPXNMLQKIIIGFDE58CC,大順段,9.24,都市：商,NULL,NULL,NULL,9110000
RPROMLQKIIIGFDE08CC,獅頭段,64.16,都市：住,NULL,NULL,NULL,27630000
RPROMLQKIIIGFDE08CC,獅頭段,79.35,都市：商,NULL,NULL,NULL,27630001
RPTOMLQKIIIGFDE28CC,覆鼎金段覆鼎金小段,20.24,都市：商,NULL,NULL,NULL,13460002
RPVNMLQKIIIGFEE48CC,新庄段八小段,13.66,都市：住,NULL,NULL,NULL,1800002
RPPNMLQKIIIGFFE97CC,文化段,117.0,都市：住,NULL,NULL,NULL,6530000
RPPNMLQKIIIGFFE97CC,文化段,117.0,都市：住,NULL,NULL,NULL,6530002
RPRNMLQKIIIGFGE28CC,華鳳段,19.82,都市：住,NULL,NULL,NULL,350000
RPQNMLQKIIIGFLE68CC,翁公園段二小段,99.17,都市：農,NULL,NULL,NULL,50020003
RPPNMLRKIIIGFAE57CC,內惟段四小段,70.0,都市：住,NULL,NULL,NULL,6120009
RPUNMLRKIIIGFBE18CC,新興段三小段,99.0,都市：商,NULL,NULL,NULL,1030000
RPPNMLRKIIIGFDE87CC,大港段七小段,4.03,都市：商,NULL,NULL,NULL,6860001
RPTNMLRKIIIGFDE28CC,大港段七小段,3.1,都市：商,NULL,NULL,NULL,6860000
RPXNMLRKIIIGFDE68CC,灣中段,13.15,都市：住,NULL,NULL,NULL,4330000
RPVNMLRKIIIGFEE58CC,新華段,8.95,都市：住,NULL,NULL,NULL,30000
RPSNMLRKIIIGFIE68CC,善德段,165.28,都市：住,NULL,NULL,NULL,12120000
RPTNMLRKIIIGFIE78CC,仁營段,443.0,都市：農,NULL,NULL,NULL,9930035
RPPNMLRKIIIGFLE68CC,會結北段,1774.92,都市：農,NULL,NULL,NULL,4210000
RPQNMLSKIIIGFBE87CC,苓洲段,4.33,都市：商,NULL,NULL,NULL,5420000
RPSNMLSKIIIGFBE08CC,意誠段,12.06,都市：商,NULL,NULL,NULL,1990000
RPTNMLSKIIIGFDE38CC,大港段二小段,13.48,都市：商,NULL,NULL,NULL,15690000
RPUNMLSKIIIGFEE58CC,楠梓段三小段,10.9,都市：商,NULL,NULL,NULL,960000
RPQNMLSKIIIGFGE38CC,牛潮埔段,15.5,都市：住,NULL,NULL,NULL,1880011
RPUNMLTKIIIGFDE58CC,覆鼎金段覆鼎金小段,11.04,都市：住,NULL,NULL,NULL,12260000
RPTNMLTKIIIGFEE58CC,援中段一小段,13.5,都市：商,NULL,NULL,NULL,2840000
RPPNMLTKIIIGFLE88CC,翁公園段二小段,320.0,都市：農,NULL,NULL,NULL,47610006
RPUNMLKLIIIGFBE57CC,福東段,70.0,都市：商,NULL,NULL,NULL,4630000
RPRNMLKLIIIGFBE27CC,意誠段,4.46,都市：商,NULL,NULL,NULL,7630000
RPRNMLKLIIIGFEE57CC,和平段五小段,22.06,都市：住,NULL,NULL,NULL,4940000
RPWNMLKLIIIGFEE08CC,新庄段十三小段,7.34,都市：商,NULL,NULL,NULL,15090000
RPSNMLKLIIIGFGE87CC,牛潮埔段,235.0,都市：工,NULL,NULL,NULL,5440000
RPQNMLKLIIIGFIE87CC,觀音山段,432.66,都市：農,NULL,NULL,NULL,4150011
RPQNMLLLIIIGFBE27CC,苓中段,25.4,都市：商,NULL,NULL,NULL,2900000
RPRNMLLLIIIGFEE67CC,福山段,5.92,都市：商,NULL,NULL,NULL,3430001
RPSNMLLLIIIGFDE67CC,水源段,7.16,都市：商,NULL,NULL,NULL,4410000
RPSNMLLLIIIGFDE67CC,水源段,2.93,都市：住,NULL,NULL,NULL,4410001
RPQNMLNLIIIGFFE87CC,介壽段,27.73,都市：住,NULL,NULL,NULL,5860000
RPPNMLNLIIIGFFE77CC,介壽段,27.73,都市：住,NULL,NULL,NULL,5860000
RPPNMLNLIIIGFIE08CC,松埔段,396.69,都市：農,NULL,NULL,NULL,10670000
RPOOMLOLIIIGFAE37CC,前金段,0.48,都市：商,NULL,NULL,NULL,6650012
RPQOMLOLIIIGFDE87CC,鼎泰段,15.42,都市：住,NULL,NULL,NULL,13960000
RPTOMLOLIIIGFDE18CC,大港段,28.4,都市：其他:第四種住宅區,NULL,NULL,NULL,34920000
RPPNMLOLIIIGFGE97CC,保成段,20.88,都市：住,NULL,NULL,NULL,990000
RPQOMLPLIIIGFDE97CC,三塊厝段三小段,3.62,都市：住,NULL,NULL,NULL,37150000
RPQOMLPLIIIGFDE97CC,新都段,9.22,都市：住,NULL,NULL,NULL,670000
RPVNMLPLIIIGFAE08CC,前金段,2.71,都市：住,NULL,NULL,NULL,510000
RPUNMLQLIIIGFBE18CC,意誠段,2.8,都市：商,NULL,NULL,NULL,7630000
RPUNMLQLIIIGFBE18CC,意誠段,0.69,都市：商,NULL,NULL,NULL,7630001
RPXNMLLJQHIGFAF48CC,新興段,0.0,都市：住,NULL,NULL,NULL,3390000
RPXNMLLJQHIGFAF48CC,新興段,0.0,都市：住,NULL,NULL,NULL,3390001
RPSNMLPKQHIGFAF48CC,明德段,42.8,都市：住,NULL,NULL,NULL,1620000
RPPNMLNLPHIGFAF97CC,幸福段,0.0,都市：住,NULL,NULL,NULL,1220000
RPPNMLNLPHIGFAF97CC,幸福段,0.0,都市：其他:道路用地,NULL,NULL,NULL,1220002
RPXNMLQKQHIGFAF09CC,大觀段,0.0,都市：住,NULL,NULL,NULL,6260000
RPSNMLLLRHIGFAF28CC,板院段,0.0,都市：住,NULL,NULL,NULL,8190000
RPQPMLLLRHIGFAF28CC,文化段,2.1,都市：住,NULL,NULL,NULL,11980000
RPUPMLLLRHIGFAF68CC,板院段,18.25,都市：住,NULL,NULL,NULL,10000
RPUPMLLLRHIGFAF68CC,板院段,0.11,都市：其他:道路用地,NULL,NULL,NULL,10001
RPPNMLLLRHIGFBF08CC,國宅段,0.0,都市：住,NULL,NULL,NULL,410011
RPWNMLLLRHIGFBF78CC,力行段,9.65,都市：其他:中心商業區,NULL,NULL,NULL,930000
RPSOMLLLRHIGFBF48CC,忠孝段,24.31,都市：住,NULL,NULL,NULL,1290000
RPQNMLLLRHIGFDF38CC,同新段,0.0,都市：工,NULL,NULL,NULL,60000
RPQNMLLLRHIGFDF38CC,昊天段,0.0,都市：工,NULL,NULL,NULL,8720000
RPPOMLLLRHIGFDF38CC,昊天段,33.55,都市：工,NULL,NULL,NULL,8720000
RPPOMLLLRHIGFDF38CC,同新段,1.05,都市：工,NULL,NULL,NULL,60000
RPXNMLLLRHIGFDF09CC,大同段,18.15,都市：住,NULL,NULL,NULL,3280000
RPTNMLLKQHIGFGF78CC,正義段,0.0,都市：商,NULL,NULL,NULL,300000
RPTNMLQKQHIGFGF66CC,正民段,0.0,都市：住,NULL,NULL,NULL,5340000
RPTNMLQKQHIGFGF66CC,正民段,0.0,都市：其他:道路用地,NULL,NULL,NULL,5340001
RPPOMLLLRHIGFGF68CC,富貴段,30.05,都市：住,NULL,NULL,NULL,1420000
RPQNMLLLRHIGFHF78CC,新和段,22.61,都市：住,NULL,NULL,NULL,380000
RPQNMLLLRHIGFHF78CC,新和段,0.67,都市：住,NULL,NULL,NULL,390000
RPSNMLOKQHIGFAF38CC,永安段,0.0,都市：住,NULL,NULL,NULL,320000
RPRNMLMLRHIGFAF28CC,沛陂段,0.0,都市：住,NULL,NULL,NULL,4930000
RPPOMLMLRHIGFAF18CC,土城段,10.5,都市：其他:排水溝用地兼供道路使用,NULL,NULL,NULL,8830001
RPXOMLMLRHIGFAF98CC,江子翠段第三崁小段,0.0,都市：住,NULL,NULL,NULL,3140000
RPSNMLMLRHIGFBF48CC,光榮段,453.66,都市：工,NULL,NULL,NULL,4000000
RPXNMLMLRHIGFBF98CC,五工段,0.0,非都市：工業區 ; 非都市編定：丁種建築用地,NULL,NULL,NULL,1380000
RPROMLMLRHIGFBF48CC,新豐段,15.19,都市：商,NULL,NULL,NULL,100000
RPTOMLMLRHIGFBF68CC,登林段,27.77,都市：住,NULL,NULL,NULL,5500000
RPTOMLMLRHIGFBF68CC,登林段,2.36,都市：住,NULL,NULL,NULL,5510000
RPTOMLMLRHIGFBF68CC,登林段,4.22,都市：住,NULL,NULL,NULL,5520000
RPTOMLMLRHIGFBF68CC,登林段,0.0,都市：住,NULL,NULL,NULL,12480000
RPPNMLRKQHIGFCF58CC,復興段,10.46,都市：工,NULL,NULL,NULL,5880000
RPQNMLLKQHIGFCF08CC,斯馨段,0.0,都市：住,NULL,NULL,NULL,1330000
RPQNMLMLRHIGFDF48CC,保長段,3.9,都市：住,NULL,NULL,NULL,9950000
RPSNMLMLRHIGFDF68CC,新峰段,2.62,都市：住,NULL,NULL,NULL,5860000
RPSNMLMLRHIGFDF68CC,水源段,21.46,都市：住,NULL,NULL,NULL,6510000
RPTNMLMLRHIGFHF56CC,連城段,31.91,都市：住,NULL,NULL,NULL,8150000
RPSNMLMLRHIGFIF56CC,大學段一小段,20.14,都市：商,NULL,NULL,NULL,530000
RPTNMLMLRHIGFIF66CC,圳福段,119.54,都市：工,NULL,NULL,NULL,2280000
RPWNMLNLRHIGFAF88CC,學成段,15.21,都市：住,NULL,NULL,NULL,8420000
RPTNMLNLRHIGFBF68CC,富國段,0.0,都市：住,NULL,NULL,NULL,5570000
RPTNMLOKPHIGFCF58CC,斯馨段,16.89,都市：住,NULL,NULL,NULL,510000
RPWNMLOLQHIGFCF09CC,民權段,13.43,都市：住,NULL,NULL,NULL,2610000
RPQNMLNLRHIGFDF58CC,保安段,40.27,都市：工,NULL,NULL,NULL,11910000
RPTNMLNLRHIGFHF66CC,保健段,21.88,都市：住,NULL,NULL,NULL,4530000
RPUNMLNLRHIGFHF76CC,安平段,18.19,都市：住,NULL,NULL,NULL,5750000
RPVNMLNLRHIGFHF86CC,長堤段,15.26,都市：住,NULL,NULL,NULL,6780000
RPXNMLNLRHIGFHF07CC,橋和段,24.03,都市：工,NULL,NULL,NULL,2190000
RPRNMLOKQHIGFAF28CC,江子翠段新埔小段,0.0,都市：住,NULL,NULL,NULL,130037
RPWNMLPKQHIGFAF88CC,光仁段,0.0,都市：住,NULL,NULL,NULL,19840000
RPSOMLPLRHIGFAF78CC,港子嘴段,32.25,都市：住,NULL,NULL,NULL,1110008
RPRNMLLKQHIGFBF08CC,副都心段一小段,30.51,都市：商,NULL,NULL,NULL,4070001
RPTNMLKMQHIGFBF38CC,芳洲段,0.0,都市：住,NULL,NULL,NULL,300000
RPWNMLPLRHIGFBF56CC,成泰段,6652.05,都市：工,NULL,NULL,NULL,2220000
RPWNMLPLRHIGFBF56CC,成泰段,148.42,都市：工,NULL,NULL,NULL,2190007
RPWNMLPLRHIGFBF56CC,成泰段,11.77,都市：工,NULL,NULL,NULL,2290003
RPPPMLPLRHIGFBF68CC,明志段,1.08,都市：商,NULL,NULL,NULL,5130000
RPROMLPLRHIGFCF88CC,復興段,68.9,都市：工,NULL,NULL,NULL,820000
RPPNMLPLRHIGFDF68CC,東勢段,34.96,非都市：山坡地保育區 ; 非都市編定：丙種建築用地,NULL,NULL,NULL,11490000
RPRNMLPLRHIGFDF88CC,保長段,3.97,都市：住,NULL,NULL,NULL,9950000
RPSNMLPLRHIGFDF98CC,工建段,67.88,都市：工,NULL,NULL,NULL,790000
RPTNMLPLRHIGFGF76CC,正義段,161.26,都市：住,NULL,NULL,NULL,10000
RPOOMLPLRHIGFHF09CC,安樂段,43.4,都市：住,NULL,NULL,NULL,3190000
RPPNMLPLRHIGFIF56CC,和平段,1.39,都市：商,NULL,NULL,NULL,2360000
RPPNMLPLRHIGFIF56CC,和平段,21.31,都市：商,NULL,NULL,NULL,2370000
RPPNMLPLRHIGFIF56CC,和平段,5.4,都市：商,NULL,NULL,NULL,2380000
RPTNMLQLRHIGFAF88CC,江翠段,0.0,都市：商,NULL,NULL,NULL,1720000
RPUNMLRKQHIGFAF88CC,幸福段,0.0,都市：住,NULL,NULL,NULL,7550000
RPWNMLQLRHIGFAF56CC,員和段,4.79,都市：住,NULL,NULL,NULL,11980000
RPUNMLQLRHIGFBF09CC,榮富段,16.02,都市：住,NULL,NULL,NULL,1270000
RPRNMLQLRHIGFDF98CC,智興段,19.8,都市：商,NULL,NULL,NULL,4410004
RPPNMLQLRHIGFDF78CC,同新段,5.54,都市：工,NULL,NULL,NULL,130000
RPSNMLQLRHIGFDF09CC,智興段,3.04,都市：商,NULL,NULL,NULL,4410000
RPPNMLQLRHIGFDF78CC,同新段,0.0,都市：其他:鐵路用地,NULL,NULL,NULL,130001
RPPNMLQLRHIGFDF78CC,同新段,0.0,都市：其他:鐵路用地,NULL,NULL,NULL,130002
RPVNMLQLRHIGFDF76CC,新峰段,0.0,都市：住,NULL,NULL,NULL,1190000
RPWNMLQLRHIGFDF86CC,厚德段,0.0,都市：住,NULL,NULL,NULL,3380000
RPXNMLQLRHIGFDF96CC,建成段,0.0,都市：住,NULL,NULL,NULL,9920000
RPXNMLQLRHIGFDF96CC,建成段,0.0,都市：住,NULL,NULL,NULL,10010000
RPOOMLQLRHIGFDF78CC,大同段,211.46,都市：工,NULL,NULL,NULL,6370000
RPQNMLNJPHIGFBF97CC,新知段,252.02,都市：住,NULL,NULL,NULL,50000
RPRNMLQLRHIGFHF76CC,國光段,0.0,都市：商,NULL,NULL,NULL,2360000
RPQNMLQKQHIGFAF38CC,公館段,80.99,都市：住,NULL,NULL,NULL,2720002
RPQNMLQKQHIGFAF38CC,公館段,51.0,都市：住,NULL,NULL,NULL,2650000
RPTNMLRLRHIGFAF98CC,光仁段,4.0,都市：住,NULL,NULL,NULL,15310000
RPTNMLRLRHIGFAF98CC,光仁段,135.0,都市：住,NULL,NULL,NULL,15320000
RPRNMLRLRHIGFBF88CC,芳洲段,11.72,都市：住,NULL,NULL,NULL,600000
RPPNMLNLQHIGFCF28CC,順安段,0.0,都市：住,NULL,NULL,NULL,5650000
RPQNMLRLRHIGFCF88CC,行政段,0.0,都市：住,NULL,NULL,NULL,1870000
RPTNMLRLRHIGFCF56CC,安德段,18.65,都市：住,NULL,NULL,NULL,3360000
RPSNMLRLRHIGFCF09CC,香坡段,42.33,都市：其他:已開發建築密集地區,NULL,NULL,NULL,10740000
RPUNMLRLRHIGFCF66CC,明德段,23.33,都市：住,NULL,NULL,NULL,8900000
RPVNMLRLRHIGFCF76CC,寶強段,9.09,都市：住,NULL,NULL,NULL,6010000
RPVNMLRLRHIGFCF76CC,寶強段,0.0,都市：住,NULL,NULL,NULL,6010001
RPVNMLRLRHIGFCF76CC,寶強段,0.01,都市：其他:道路用地,NULL,NULL,NULL,6010002
RPVNMLRLRHIGFCF76CC,寶強段,0.01,都市：住,NULL,NULL,NULL,6010003
RPOOMLRLRHIGFGF56CC,富貴段,32.03,都市：住,NULL,NULL,NULL,3880000
RPPOMLRLRHIGFGF66CC,光興段,119.41,都市：商,NULL,NULL,NULL,400000
RPPNMLRLRHIGFHF66CC,福和段,11.4,都市：住,NULL,NULL,NULL,9070000
RPPNMLRLRHIGFHF66CC,福和段,11.74,都市：商,NULL,NULL,NULL,9240000
RPQOMLRLRHIGFHF86CC,德光段,3.71,都市：住,NULL,NULL,NULL,4430000
RPQOMLRLRHIGFHF86CC,德光段,29.12,都市：住,NULL,NULL,NULL,4440000
RPVOMLSLRHIGFBF86CC,貴和段,147.45,都市：商,NULL,NULL,NULL,6630000
RPVOMLSLRHIGFBF86CC,貴和段,44.28,都市：住,NULL,NULL,NULL,6640000
RPVOMLSLRHIGFBF86CC,貴和段,149.25,都市：商,NULL,NULL,NULL,6650000
RPVOMLSLRHIGFBF86CC,貴和段,43.86,都市：住,NULL,NULL,NULL,6660000
RPPNMLSLRHIGFCF88CC,民權段,18.56,都市：住,NULL,NULL,NULL,230000
RPSNMLSLRHIGFCF56CC,安豐段,1124.0,都市：住,NULL,NULL,NULL,3380000
RPSNMLSLRHIGFDF66CC,建成段,16.44,都市：住,NULL,NULL,NULL,4160000
RPVNMLSLRHIGFDF96CC,拱北段,44.41,非都市：山坡地保育區 ; 非都市編定：丙種建築用地,NULL,NULL,NULL,1620000
RPSNMLKMQHIGFGF78CC,民權段,0.0,都市：住,NULL,NULL,NULL,2470000
RPQNMLSLRHIGFGF76CC,成功段,4.67,都市：商,NULL,NULL,NULL,12100000
RPQNMLSLRHIGFGF76CC,成功段,3.5,都市：住,NULL,NULL,NULL,12900000
RPQNMLSLRHIGFHF86CC,板南段,30.32,都市：工,NULL,NULL,NULL,3110000
RPRNMLSLRHIGFHF96CC,健康段,27.59,都市：工,NULL,NULL,NULL,11590000
RPPNMLTLRHIGFDF09CC,新峰段,16.0,都市：商,NULL,NULL,NULL,12470000
RPPNMLTLRHIGFDF09CC,新峰段,13.75,都市：商,NULL,NULL,NULL,12480000
RPRNMLTLRHIGFDF66CC,中正段,0.0,都市：住,NULL,NULL,NULL,17540000
RPQNMLTLRHIGFDF56CC,智興段,0.0,都市：住,NULL,NULL,NULL,7010000
RPSNMLTLRHIGFDF76CC,智興段,0.0,都市：住,NULL,NULL,NULL,1040000
RPQNMLKMRHIGFDF38CC,智興段,0.0,都市：住,NULL,NULL,NULL,1040000
RPPNMLKMRHIGFDF28CC,智興段,0.0,都市：住,NULL,NULL,NULL,1040000
RPSNMLMJIIIGFDF67CC,中正段,61.5,都市：住,NULL,NULL,NULL,17030000
RPXNMLMJIIIGFDF18CC,水源段,12.77,都市：住,NULL,NULL,NULL,6510000
RPPOMLMJIIIGFDF47CC,智興段,11.1,都市：商,NULL,NULL,NULL,4500000
RPPNMLMJIIIGFHF87DC,新民段,173.04,都市：工,NULL,NULL,NULL,4440000
RPPNMLNJIIIGFHF97DC,南山段,19.23,都市：住,NULL,NULL,NULL,7050000
RPTNMLPJIIIGFGF38CC,三重段,15.08,都市：住,NULL,NULL,NULL,2140000
RPXNMLPJIIIGFHF88CC,民樂段,12.99,都市：住,NULL,NULL,NULL,50000
RPPNMLPJIIIGFHF08CC,景福段,32.18,都市：住,NULL,NULL,NULL,380000
RPSNMLPJIIIGFHF38CC,安邦段,41.56,都市：住,NULL,NULL,NULL,1350000
RPXNMLPJIIIGFIF98CC,大學段一小段,19.35,都市：住,NULL,NULL,NULL,1240000
RPQOMLPJIIIGFIF38CC,大仁段,3.44,都市：住,NULL,NULL,NULL,8630000
RPPNMLQJIIIGFBF57CC,副都心段一小段,6.71,都市：商,NULL,NULL,NULL,2890000
RPUNMLQJIIIGFDF28CC,智興段,0.0,都市：商,NULL,NULL,NULL,5060000
RPVNMLQJIIIGFDF38CC,建成段,0.0,都市：住,NULL,NULL,NULL,10180000
RPPOMLQJIIIGFHF28CC,大華段,12.27,都市：住,NULL,NULL,NULL,13800000
RPROMLQJIIIGFHF48CC,大華段,12.24,都市：住,NULL,NULL,NULL,13800000
RPSOMLQJIIIGFHF58CC,大華段,13.88,都市：住,NULL,NULL,NULL,13800000
RPRNMLTJIIIGFIF78CC,永吉段,53.56,都市：住,NULL,NULL,NULL,3720000
RPPNMLLKIIIGFHF77CC,健康段,26.02,都市：工,NULL,NULL,NULL,11590000
RPXNMLLKIIIGFIF68CC,民生段,2.93,都市：住,NULL,NULL,NULL,6570000
RPWNMLMKIIIGFBF97CC,建林段,30.08,都市：住,NULL,NULL,NULL,4900000
RPQNMLMKIIIGFAF27CC,員和段,26.8,都市：住,NULL,NULL,NULL,9760000
RPRNMLMKIIIGFCF57CC,寶強段,4.65,都市：住,NULL,NULL,NULL,11590000
RPRNMLMKIIIGFCF57CC,寶強段,7.26,都市：商,NULL,NULL,NULL,11640000
RPPNMLMKIIIGFDF47CC,新峰段,18.82,都市：住,NULL,NULL,NULL,5670000
RPTNMLMKIIIGFIF38CC,隆恩段,50.65,都市：住,NULL,NULL,NULL,650000
RPOOMLNKIIIGFBF37CC,忠孝段,16.23,都市：住,NULL,NULL,NULL,9040000
RPXNMLNKIIIGFBF18CC,麗林段,11.94,都市：商,NULL,NULL,NULL,4070002
RPPNMLNKIIIGFIF08CC,大學段一小段,18.8,都市：商,NULL,NULL,NULL,490000
RPVNMLOKIIIGFAF97CC,文化段,33.0,都市：住,NULL,NULL,NULL,15980000
RPPNMLOKIIIGFDF67CC,智興段,20.8,都市：商,NULL,NULL,NULL,5430000
RPQNMLOKIIIGFIF28CC,文林段,10.08,都市：住,NULL,NULL,NULL,3010000
RPSNMLOKIIIGFHF38CC,景平段,9.33,都市：商,NULL,NULL,NULL,3400000
RPPNMLOKIIIGFIF18CC,昌福段,17.78,都市：住,NULL,NULL,NULL,2460000
RPPNMLPKIIIGFBF57CC,中原段,10.86,都市：商,NULL,NULL,NULL,1950000
RPPNMLPKIIIGFCF67CC,中央段,5.77,都市：住,NULL,NULL,NULL,4410000
RPQNMLPKIIIGFDF87CC,厚德段,16.47,都市：住,NULL,NULL,NULL,2320000
RPPNMLPKIIIGFDF77CC,大同段,20.2,都市：住,NULL,NULL,NULL,7440000
RPPNMLPKIIIGFGF08CC,正義段,52.55,都市：住,NULL,NULL,NULL,1180000
RPPOMLQKIIIGFBF77CC,幸福段,68.2,都市：工,NULL,NULL,NULL,7060000
RPWOMLQKIIIGFCF58CC,明德段,13.42,都市：住,NULL,NULL,NULL,310000
RPRNMLQKIIIGFDF08CC,昊天段,23.01,都市：工,NULL,NULL,NULL,8720000
RPRNMLQKIIIGFDF08CC,同新段,0.72,都市：其他:鐵路用地,NULL,NULL,NULL,60000
RPVNMLQKIIIGFDF48CC,厚德段,25.8,都市：住,NULL,NULL,NULL,2380000
RPVNMLQKIIIGFDF48CC,厚德段,0.55,都市：住,NULL,NULL,NULL,2400000
RPPNMLQKIIIGFGF18CC,光華段,32.23,都市：住,NULL,NULL,NULL,5880000
RPTNMLQKIIIGFHF68CC,中興段,21.87,都市：住,NULL,NULL,NULL,1420000
RPQOMLQKIIIGFGF38CC,富貴段,30.7,都市：住,NULL,NULL,NULL,3800000
RPUNMLQKIIIGFHF78CC,保生段,19.09,都市：住,NULL,NULL,NULL,3750000
RPVNMLQKIIIGFHF88CC,保生段,15.07,都市：住,NULL,NULL,NULL,3750000
RPXNMLRKIIIGFCF68CC,復興段,85.89,都市：工,NULL,NULL,NULL,3800000
RPQPMLSKIIIGFAF08CC,明德段,6.59,都市：商,NULL,NULL,NULL,230000
RPQNMLSKIIIGFBF97CC,力行段,17.96,都市：住,NULL,NULL,NULL,520000
RPPOMLSKIIIGFGF48CC,仁信段,4.3,都市：住,NULL,NULL,NULL,50000
RPWNMLTKIIIGFBF68CC,後港段,13.86,都市：住,NULL,NULL,NULL,9200000
RPXNMLTKIIIGFDF98CC,保長段,8.79,都市：住,NULL,NULL,NULL,9950000
RPOOMLTKIIIGFDF18CC,保長段,3.97,都市：住,NULL,NULL,NULL,9950000
RPSNMLKLIIIGFDF67CC,大同段,0.0,都市：工,NULL,NULL,NULL,1260000
RPQOMLPLIIIGFBF87CC,建林段,23.69,都市：商,NULL,NULL,NULL,3800000
RPTNMLRLIIIGFGF78CC,過田段,66.0,都市：其他:商業區,NULL,NULL,NULL,4390000
RPPNMLRLRHIGFBG78CC,協民段,1600.0,非都市：特定農業區 ; 非都市編定：農牧用地,NULL,NULL,NULL,5130000
RPPNMLRLRHIGFBG78CC,協民段,776.0,非都市：特定農業區 ; 非都市編定：農牧用地,NULL,NULL,NULL,5130001
RPPQMLLLRHIGFAH48CC,桃園段武陵小段,16.87,都市：商,NULL,NULL,NULL,1450023
RPQQMLLLRHIGFAH58CC,埔子段埔子小段,26.3,都市：住,NULL,NULL,NULL,17210281
RPWPMLLLRHIGFAH09CC,大樹林段,12.65,都市：住,NULL,NULL,NULL,3790000
RPTRMLLLRHIGFAH98CC,寶山段,9.96,都市：商,NULL,NULL,NULL,7230000
RPVRMLLLRHIGFAH56CC,大樹林段,13.32,都市：住,NULL,NULL,NULL,3130000
RPTSMLLLRHIGFAH09CC,中山段,22.87,都市：住,NULL,NULL,NULL,1330000
RPXOMLLLRHIGFBH56CC,復興段,33.94,都市：住,NULL,NULL,NULL,11420002
RPXOMLLLRHIGFBH56CC,復興段,3.16,都市：住,NULL,NULL,NULL,18190003
RPWQMLLLRHIGFBH66CC,中壢埔頂段,0.0,都市：住,NULL,NULL,NULL,11740000
RPORMLLLRHIGFBH58CC,中北段,0.0,都市：住,NULL,NULL,NULL,2430000
RPVPMLKMQHIGFBH98CC,中北段,0.0,都市：住,NULL,NULL,NULL,6670016
RPWNMLTLQHIGFBH07CC,三座屋段三座屋小段,0.0,都市：住,NULL,NULL,NULL,4710000
RPVPMLKMQHIGFBH98CC,中北段,0.0,都市：住,NULL,NULL,NULL,6700000
RPVPMLKMQHIGFBH98CC,中北段,0.0,都市：住,NULL,NULL,NULL,6870013
RPQPMLOLQHIGFDH98CC,二重溪段,0.0,都市：住,NULL,NULL,NULL,690008
RPQNMLLLRHIGFEH68CC,上興段,367.5,都市：工,NULL,NULL,NULL,6120000
RPSNMLLLRHIGFFH98CC,瑞豐段,59.66,非都市：鄉村區 ; 非都市編定：乙種建築用地,NULL,NULL,NULL,12060000
RPQOMLNJIIHGFHH18CC,善捷段,6.09,都市：商,NULL,NULL,NULL,140000
RPPOMLNJIIHGFHH08CC,善捷段,23.26,都市：住,NULL,NULL,NULL,280000
RPPNMLSJMHIGFHH88CC,善捷段,17.45,都市：住,NULL,NULL,NULL,280000
RPQNMLMJLHIGFHH28CC,善捷段,11.18,都市：住,NULL,NULL,NULL,380000
RPRNMLLLRHIGFHH09CC,樂捷段,17.75,都市：住,NULL,NULL,NULL,1050002
RPUQMLKMQHIGFAH88CC,富國段,0.0,都市：住,NULL,NULL,NULL,2100000
RPPNMLLLRHIGFAH28DC,中埔段,22.03,都市：商,NULL,NULL,NULL,600000
RPWQMLKMQHIGFAH09CC,新埔段,0.0,都市：住,NULL,NULL,NULL,10070000
RPSRMLMLRHIGFAH98CC,大樹林段,8.64,都市：住,NULL,NULL,NULL,3790000
RPPTMLMLRHIGFAH88CC,東國段,4.47,都市：其他:市場用地,NULL,NULL,NULL,5580000
RPTNMLMLRHIGFBH78CC,三座屋段舊社小段,0.0,都市：住,NULL,NULL,NULL,1950091
RPVOMLMLRHIGFBH09CC,福德段,0.0,都市：住,NULL,NULL,NULL,510000
RPOPMLMLRHIGFBH48CC,中壢埔頂段,0.0,都市：住,NULL,NULL,NULL,11740000
RPQPMLMLRHIGFBH68CC,草新段,30.33,都市：商,NULL,NULL,NULL,6150008
RPRPMLMLRHIGFBH78CC,中寮段,0.0,都市：住,NULL,NULL,NULL,8730000
RPORMLMLRHIGFBH68CC,復興段,27.89,都市：住,NULL,NULL,NULL,20440000
RPWRMLMLRHIGFBH86CC,復興段,14.39,都市：住,NULL,NULL,NULL,14490000
RPPUMLMLRHIGFBH09CC,中壢埔頂段,4.24,都市：住,NULL,NULL,NULL,11870000
RPTNMLMLRHIGFCH88CC,潛龍段,0.0,非都市：鄉村區 ; 非都市編定：乙種建築用地,NULL,NULL,NULL,10990000
RPPNMLLLRHIGFDH58DC,二重溪段,388.0,都市：住,NULL,NULL,NULL,800016
RPTNMLMLRHIGFDH98CC,幼獅段,5123.03,都市：工,NULL,NULL,NULL,2590000
RPRRMLTLQHIGFAH86CC,會稽段,0.0,都市：住,NULL,NULL,NULL,1000000
RPPNMLLLRHIGFFH78DC,大勇段,33.82,都市：住,NULL,NULL,NULL,4450000
RPPOMLMLRHIGFFH88CC,桃德段,81.11,都市：住,NULL,NULL,NULL,4240000
RPQNMLMLRHIGFGH98CC,忠貞段,0.0,都市：住,NULL,NULL,NULL,1780000
RPTOMLMLRHIGFGH76CC,富貴段,23.38,都市：住,NULL,NULL,NULL,8480000
RPQNMLNLQHIGFFH88CC,力行段,0.0,都市：住,NULL,NULL,NULL,380000
RPPPMLNLRHIGFAH58CC,國強段,16.38,都市：住,NULL,NULL,NULL,6690000
RPUQMLNLRHIGFAH56CC,水汴頭段,18.83,都市：住,NULL,NULL,NULL,2380000
RPSNMLKKPHIGFBH18CC,中壢埔頂段,0.0,都市：住,NULL,NULL,NULL,11740000
RPPRMLNLRHIGFBH88CC,忠福段,1454.55,都市：農,NULL,NULL,NULL,220000
RPTRMLNLRHIGFBH66CC,富強段,116.89,都市：住,NULL,NULL,NULL,9980000
RPTRMLNLRHIGFBH66CC,富強段,63.98,都市：住,NULL,NULL,NULL,9990000
RPWNMLOJPHIGFBH88CC,草新段,0.0,都市：商,NULL,NULL,NULL,6150008
RPXNMLNLRHIGFDH86CC,幼獅段,198.35,非都市：工業區 ; 非都市編定：丁種建築用地,NULL,NULL,NULL,6490000
RPRNMLMLQHIGFGH98CC,平鎮段,0.0,都市：商,NULL,NULL,NULL,9610000
RPVNMLNLRHIGFHH07CC,樂捷段,13.62,都市：住,NULL,NULL,NULL,1050003
RPPOMLNLRHIGFHH56CC,舊路坑二段,181.82,都市：其他:保護區,NULL,NULL,NULL,9130000
RPUQMLPLRHIGFAH76CC,國聖段,13.0,都市：住,NULL,NULL,NULL,7580000
RPORMLPLRHIGFAH88CC,中路三段,30.67,都市：住,NULL,NULL,NULL,1310000
RPQRMLPLRHIGFAH09CC,埔子段北門埔子小段,9.86,都市：商,NULL,NULL,NULL,1040000
RPROMLPLRHIGFBH98CC,中壢埔頂段,17.52,都市：商,NULL,NULL,NULL,13680000
RPTOMLPLRHIGFBH56CC,自立段,25.8,都市：住,NULL,NULL,NULL,14950000
RPRPMLPLRHIGFBH09CC,三座屋段舊社小段,12.55,都市：其他:道路用地，住宅區,NULL,NULL,NULL,810000
RPXQMLPLRHIGFBH17CC,富強段,25.21,都市：住,NULL,NULL,NULL,7500000
RPQRMLPLRHIGFBH56CC,中北段,111.0,都市：住,NULL,NULL,NULL,6870007
RPQNMLPLRHIGFEH09CC,錦興段,18.45,都市：住,NULL,NULL,NULL,6520000
RPTNMLPLRHIGFEH76CC,五塊厝段下埔小段,21.82,非都市：一般農業區 ; 非都市編定：甲種建築用地,NULL,NULL,NULL,17880000
RPXNMLPLRHIGFEH17CC,新鼻段,20.82,都市：住,NULL,NULL,NULL,280000
RPOOMLPLRHIGFEH98CC,水尾段,33.92,都市：工,NULL,NULL,NULL,14000000
RPPOMLPLRHIGFEH09CC,新鼻段,20.82,都市：住,NULL,NULL,NULL,2800000
RPROMLPLRHIGFEH66CC,新鼻段,20.57,都市：住,NULL,NULL,NULL,2800000
RPSOMLPLRHIGFEH76CC,新鼻段,20.69,都市：住,NULL,NULL,NULL,2800000
RPTOMLPLRHIGFEH86CC,新鼻段,20.57,都市：住,NULL,NULL,NULL,2800000
RPQOMLPLRHIGFEH56CC,公埔段,8.56,都市：住,NULL,NULL,NULL,7720000
RPWNMLNLQHIGFFH86CC,興豐段,0.0,都市：住,NULL,NULL,NULL,25310000
RPWNMLPLRHIGFHH37CC,迴龍段,13.55,都市：住,NULL,NULL,NULL,6420000
RPXPMLQLRHIGFAH07CC,埔子段埔子小段,3.36,都市：其他:住宅區，商業區,NULL,NULL,NULL,20390117
RPRQMLQLRHIGFAH56CC,新埔段,14.9,都市：商,NULL,NULL,NULL,1540000
RPRNMLSKPHIGFHH86CC,興華段,6.54,都市：商,NULL,NULL,NULL,210000
RPRNMLSKPHIGFHH86CC,興華段,5.31,都市：商,NULL,NULL,NULL,350000
RPSOMLQLRHIGFBH56CC,中工段,6940.0,非都市：工業區 ; 非都市編定：丁種建築用地,NULL,NULL,NULL,5940000
RPTPMLQLRHIGFBH76CC,工業區段二小段,77.0,非都市：工業區 ; 非都市編定：丁種建築用地,NULL,NULL,NULL,7720001
RPVQMLQLRHIGFBH07CC,三座屋段舊社小段,1.44,都市：商,NULL,NULL,NULL,1950091
RPQNMLQLRHIGFDH09CC,東寧段,84.28,非都市：山坡地保育區 ; 非都市編定：丙種建築用地,NULL,NULL,NULL,1370000
RPRNMLQLRHIGFEH66CC,大新段,15.78,都市：商,NULL,NULL,NULL,2290002
RPUNMLQLRHIGFEH96CC,錦興段,8.53,都市：住,NULL,NULL,NULL,6820000
RPXNMLQLRHIGFGH47CC,賦梅段,26.73,都市：住,NULL,NULL,NULL,6290000
RPSNMLQLRHIGFHH07CC,迴龍段,22.83,都市：住,NULL,NULL,NULL,2710000
RPPNMLQLRHIGFFH66DC,豐田段,12.79,都市：住,NULL,NULL,NULL,1210000
RPXNMLRLRHIGFAH96CC,中路三段,12.44,都市：住,NULL,NULL,NULL,1070000
RPOPMLRLRHIGFAH88CC,中平段,42.83,都市：住,NULL,NULL,NULL,1170000
RPPPMLRLRHIGFAH98CC,國聖段,24.72,都市：住,NULL,NULL,NULL,5170000
RPUNMLRLRHIGFBH76CC,中壢埔頂段,12.23,都市：住,NULL,NULL,NULL,18180002
RPVNMLRLRHIGFBH86CC,普義段,29.09,都市：住,NULL,NULL,NULL,15750000
RPRPMLRLRHIGFBH66CC,三座屋段舊社小段,38.02,都市：住,NULL,NULL,NULL,1270135
RPTPMLRLRHIGFBH86CC,環東段,13.5,都市：住,NULL,NULL,NULL,7560000
RPSNMLRLRHIGFDH76CC,中興段,23.12,都市：住,NULL,NULL,NULL,5590000
RPSOMLNLQHIGFEH09CC,上竹段,113.73,都市：商,NULL,NULL,NULL,2810000
RPOOMLRLRHIGFEH56CC,竹圍段拔子林小段,56.84,都市：住,NULL,NULL,NULL,2490000
RPQOMLRLRHIGFEH76CC,竹圍段拔子林小段,58.85,都市：住,NULL,NULL,NULL,2490000
RPPOMLRLRHIGFEH66CC,竹圍段拔子林小段,58.85,都市：住,NULL,NULL,NULL,2490000
RPSOMLRLRHIGFEH96CC,河底段,43.01,都市：住,NULL,NULL,NULL,6860000
RPVOMLRLRHIGFEH27CC,竹圍段拔子林小段,59.47,都市：住,NULL,NULL,NULL,2490000
RPUOMLRLRHIGFEH17CC,竹圍段拔子林小段,57.61,都市：住,NULL,NULL,NULL,2490000
RPWOMLRLRHIGFEH37CC,竹圍段拔子林小段,49.75,都市：住,NULL,NULL,NULL,2490000
RPTNMLRLRHIGFHH27CC,東嶺段,9.03,非都市：鄉村區 ; 非都市編定：乙種建築用地,NULL,NULL,NULL,4320000
RPTNMLRLRHIGFHH27CC,東嶺段,18.75,非都市：鄉村區 ; 非都市編定：乙種建築用地,NULL,NULL,NULL,4330000
RPVNMLRLRHIGFHH47CC,東嶺段,6.06,非都市：鄉村區 ; 非都市編定：乙種建築用地,NULL,NULL,NULL,4110000
RPVNMLRLRHIGFHH47CC,東嶺段,21.72,非都市：鄉村區 ; 非都市編定：乙種建築用地,NULL,NULL,NULL,4120000
RPWNMLRLRHIGFHH57CC,文化段,7.87,都市：商,NULL,NULL,NULL,3410000
RPUNMLRLRHIGFHH37CC,東嶺段,8.3,非都市：鄉村區 ; 非都市編定：乙種建築用地,NULL,NULL,NULL,4280000
RPUNMLRLRHIGFHH37CC,東嶺段,19.58,非都市：鄉村區 ; 非都市編定：乙種建築用地,NULL,NULL,NULL,4290000
RPOOMLRLRHIGFHH86CC,東嶺段,59.64,非都市：山坡地保育區 ; 非都市編定：丙種建築用地,NULL,NULL,NULL,3300000
RPPNMLRLRHIGFFH76DC,豐田段,31.16,都市：住,NULL,NULL,NULL,14540000
RPUNMLSLRHIGFAH76CC,寶山段,10.68,都市：住,NULL,NULL,NULL,8360000
RPXNMLSLRHIGFAH07CC,建國段,156.66,都市：住,NULL,NULL,NULL,3080000
RPOOMLSLRHIGFAH88CC,中路二段,16.48,都市：住,NULL,NULL,NULL,2680000
RPPOMLSLRHIGFAH98CC,中平段,71.08,都市：住,NULL,NULL,NULL,930000
RPQOMLSLRHIGFAH09CC,大樹林段,30.76,都市：住,NULL,NULL,NULL,3010082
RPUOMLSLRHIGFAH86CC,三元段,19.86,都市：住,NULL,NULL,NULL,7740000
RPRNMLSLRHIGFBH56CC,青芝段,42.79,都市：住,NULL,NULL,NULL,1210000
RPQNMLSLRHIGFEH76CC,竹圍段拔子林小段,59.12,都市：住,NULL,NULL,NULL,2490000
RPRNMLSLRHIGFEH86CC,竹圍段拔子林小段,56.91,都市：住,NULL,NULL,NULL,2490000
RPVNMLSLRHIGFDH17CC,金龍段,26.66,都市：住,NULL,NULL,NULL,140000
RPUNMLSLRHIGFEH17CC,竹圍段拔子林小段,95.13,都市：住,NULL,NULL,NULL,2490000
RPVNMLSLRHIGFEH27CC,竹圍段拔子林小段,88.33,都市：住,NULL,NULL,NULL,2490000
RPXNMLSLRHIGFEH47CC,錦興段,15.0,都市：住,NULL,NULL,NULL,550000
RPWNMLSLRHIGFEH37CC,竹圍段拔子林小段,74.61,都市：住,NULL,NULL,NULL,2490000
RPOOMLSLRHIGFEH66CC,水尾段,64.99,都市：工,NULL,NULL,NULL,20370000
RPSNMLSLRHIGFHH27CC,樂捷段,14.69,都市：住,NULL,NULL,NULL,930000
RPPNMLSLRHIGFAH98DC,大樹林段,23.4,都市：住,NULL,NULL,NULL,7710101
RPWNMLTLRHIGFBH17CC,工業區段二小段,110.0,非都市：工業區 ; 非都市編定：丁種建築用地,NULL,NULL,NULL,170007
RPUNMLTLRHIGFBH96CC,工業區段二小段,110.0,非都市：工業區 ; 非都市編定：丁種建築用地,NULL,NULL,NULL,170007
RPOOMLTLRHIGFBH09CC,工業區段二小段,110.0,非都市：工業區 ; 非都市編定：丁種建築用地,NULL,NULL,NULL,170007
RPXNMLTLRHIGFBH27CC,工業區段二小段,110.0,非都市：工業區 ; 非都市編定：丁種建築用地,NULL,NULL,NULL,170007
RPPOMLTLRHIGFBH56CC,工業區段二小段,110.0,非都市：工業區 ; 非都市編定：丁種建築用地,NULL,NULL,NULL,170007
RPVNMLTLRHIGFBH07CC,工業區段二小段,110.0,非都市：工業區 ; 非都市編定：丁種建築用地,NULL,NULL,NULL,170007
RPQOMLTLRHIGFBH66CC,工業區段二小段,110.0,非都市：工業區 ; 非都市編定：丁種建築用地,NULL,NULL,NULL,170007
RPPNMLMJIIIGFHH97CC,新路段,49.99,都市：住,NULL,NULL,NULL,4660000
RPQNMLSLRHIGFBH56DC,中工段,115.0,非都市：工業區 ; 非都市編定：丁種建築用地,NULL,NULL,NULL,5720000
RPTOMLOJIIIGFHH68CC,興華段,15.3,都市：住,NULL,NULL,NULL,6880000
RPQNMLPJIIIGFAH67CC,中路段,5.66,都市：商,NULL,NULL,NULL,30018
RPUNMLPJIIIGFAH08CC,埔子段埔子小段,30.5,都市：住,NULL,NULL,NULL,20250004
RPSOMLPJIIIGFAH97CC,忠義段,3.88,都市：住,NULL,NULL,NULL,7000000
RPOOMLPJIIIGFBH67CC,健行段,14.88,都市：商,NULL,NULL,NULL,1670000
RPUOMLPJIIIGFBH28CC,後寮段,21.67,都市：住,NULL,NULL,NULL,5370000
RPXPMLPJIIIGFBH68CC,忠孝段,24.26,都市：住,NULL,NULL,NULL,1640000
RPSQMLPJIIIGFBH28CC,青昇段,8.83,都市：商,NULL,NULL,NULL,4390000
RPQQMLPJIIIGFBH08CC,復興段,28.0,都市：住,NULL,NULL,NULL,20440000
RPSNMLPJIIIGFCH08CC,仁善段,16.39,都市：住,NULL,NULL,NULL,5200000
RPTNMLPJIIIGFCH18CC,聖亭段,22.68,非都市：鄉村區 ; 非都市編定：乙種建築用地,NULL,NULL,NULL,5090000
RPSNMLPJIIIGFEH28CC,大新段,19.15,都市：商,NULL,NULL,NULL,2290000
RPQNMLPJIIIGFEH08CC,河底段,7.49,都市：住,NULL,NULL,NULL,4770000
RPUNMLPJIIIGFEH48CC,河底段,18.09,都市：住,NULL,NULL,NULL,3440000
RPTNMLPJIIIGFEH38CC,客運一段,24.27,都市：住,NULL,NULL,NULL,1490000
RPQNMLPJIIIGFGH28CC,平鎮段,9.98,都市：商,NULL,NULL,NULL,9570000
RPRNMLPJIIIGFHH48CC,善捷段,22.59,都市：住,NULL,NULL,NULL,30000
RPUNMLPJIIIGFHH78CC,樂善段,36.06,都市：住,NULL,NULL,NULL,220000
RPUNMLPJIIIGFHH78CC,樂善段,3.52,都市：住,NULL,NULL,NULL,220001
RPQNMLPJIIIGFCH97DC,仁武段,227.55,都市：住,NULL,NULL,NULL,1420000
RPQNMLQJIIIGFEH18CC,六福段,17.6,都市：工,NULL,NULL,NULL,3270000
RPROMLQJIIIGFEH38CC,長興段,398.24,都市：工,NULL,NULL,NULL,5780000
RPROMLQJIIIGFEH38CC,長興段,368.45,都市：工,NULL,NULL,NULL,5790000
RPSNMLQJIIIGFHH68CC,樂捷段,16.14,都市：住,NULL,NULL,NULL,1720000
RPPNMLMKIIIGFCH67DC,中山段,82.03,都市：住,NULL,NULL,NULL,10490000
RPPNMLMKIIIGFCH67DC,中山段,17.25,都市：住,NULL,NULL,NULL,10500000
RPTOMLNKIIIGFAH97CC,桃園段公館頭小段,3.85,都市：商,NULL,NULL,NULL,140002
RPWOMLNKIIIGFAH28CC,新埔段,144.85,都市：住,NULL,NULL,NULL,2750000
RPPQMLNKIIIGFAH77CC,雲盟段,328.0,都市：住,NULL,NULL,NULL,100000
RPRQMLNKIIIGFAH97CC,大樹林段,8.64,都市：住,NULL,NULL,NULL,3790000
RPSQMLNKIIIGFBH18CC,復興段,2.11,都市：住,NULL,NULL,NULL,18070000
RPSSMLNKIIIGFBH38CC,青平段,28.45,都市：住,NULL,NULL,NULL,4050000
RPRNMLNKIIIGFGH28CC,忠貞段,77.9,都市：住,NULL,NULL,NULL,10000
RPVRMLOKIIIGFAH58CC,忠義段,4.38,都市：住,NULL,NULL,NULL,5140000
RPSNMLOKIIIGFBH97CC,埔頂段,4595.83,非都市：一般農業區 ; 非都市編定：甲種建築用地,NULL,NULL,NULL,10940000
RPPOMLOKIIIGFBH77CC,自立段,19.76,都市：住,NULL,NULL,NULL,6700001
RPPNMLOKIIIGFHH28CC,善捷段,10.45,都市：住,NULL,NULL,NULL,380000
RPQNMLOKIIIGFHH38CC,善捷段,10.45,都市：住,NULL,NULL,NULL,380000
RPQNMLPKIIIGFEH18CC,竹圍段拔子林小段,59.09,都市：住,NULL,NULL,NULL,2490000
RPRNMLPKIIIGFEH28CC,竹圍段拔子林小段,59.54,都市：住,NULL,NULL,NULL,2490000
RPPNMLPKIIIGFEH08CC,五福段,30.04,都市：住,NULL,NULL,NULL,5470000
RPPNMLPKIIIGFEH08CC,五福段,0.1,都市：住,NULL,NULL,NULL,5470001
RPROMLQKIIIGFAH08CC,中平段,71.08,都市：住,NULL,NULL,NULL,930000
RPPPMLQKIIIGFAH97CC,法政段,22.5,都市：住,NULL,NULL,NULL,7590000
RPOQMLQKIIIGFAH97CC,大樹林段,41.5,都市：商,NULL,NULL,NULL,3530053
RPXPMLQKIIIGFAH78CC,大有段,15.29,都市：住,NULL,NULL,NULL,3370000
RPUPMLQKIIIGFAH48CC,中山段,13.93,都市：住,NULL,NULL,NULL,2390002
RPRNMLQKIIIGFBH08CC,工業區段二小段,6.85,非都市：工業區 ; 非都市編定：丁種建築用地,NULL,NULL,NULL,4290001
RPUNMLQKIIIGFBH38CC,草新段,26.24,都市：住,NULL,NULL,NULL,4160000
RPWPMLQKIIIGFBH78CC,振興段,16.55,都市：住,NULL,NULL,NULL,5090000
RPVNMLQKIIIGFEH78CC,錦興段,11.17,都市：商,NULL,NULL,NULL,3590000
RPUNMLQKIIIGFHH98CC,自強段,32.0,都市：商,NULL,NULL,NULL,700000
RPRNMLRKIIIGFAH08CC,三元段,13.81,都市：住,NULL,NULL,NULL,7740000
RPOOMLRKIIIGFBH97CC,石頭段,4.98,都市：住,NULL,NULL,NULL,3990000
RPPOMLRKIIIGFBH08CC,後興段,35.37,都市：其他:乙種工業區,NULL,NULL,NULL,850078
RPPOMLRKIIIGFBH08CC,後興段,231.45,都市：其他:乙種工業區,NULL,NULL,NULL,850011
RPROMLRKIIIGFBH28CC,榮民段,22.2,都市：住,NULL,NULL,NULL,120000
RPRNMLRKIIIGFCH28CC,潛龍段,21.58,非都市：鄉村區 ; 非都市編定：乙種建築用地,NULL,NULL,NULL,10990000
RPXOMLRKIIIGFEH56CC,竹圍段崁下小段,7.0,都市：住,NULL,NULL,NULL,1450006
RPRPMLRKIIIGFEH68CC,河底段,10.37,都市：住,NULL,NULL,NULL,270000
RPPNMLSKIIIGFBH08CC,富強段,116.89,都市：住,NULL,NULL,NULL,9980000
RPPNMLSKIIIGFBH08CC,富強段,63.98,都市：住,NULL,NULL,NULL,9990000
RPUOMLSKIIIGFBH68CC,青昇段,13.76,都市：商,NULL,NULL,NULL,4110000
RPTNMLSKIIIGFEH78CC,竹圍段拔子林小段,5.14,都市：住,NULL,NULL,NULL,2490000
RPSNMLTKIIIGFEH78CC,竹圍段崁下小段,10.2,都市：住,NULL,NULL,NULL,1450011
RPTOMLTKIIIGFEH98CC,竹圍段拔子林小段,59.2,都市：住,NULL,NULL,NULL,2490000
RPQOMLKLIIIGFAH47CC,大樹林段,6.39,都市：住,NULL,NULL,NULL,3790000
RPTPMLKLIIIGFBH97CC,藍埔段,1818.18,非都市：特定農業區 ; 非都市編定：農牧用地,NULL,NULL,NULL,100000
RPQNMLKLIIIGFCH57CC,仁善段,67.5,都市：住,NULL,NULL,NULL,15000018
RPSNMLLLIIIGFEH08CC,竹圍段拔子林小段,58.27,都市：住,NULL,NULL,NULL,2490000
RPPNMLMLIIIGFEH87CC,竹圍段拔子林小段,49.75,都市：住,NULL,NULL,NULL,2490000
RPPNMLNLIIIGFDH97DC,楊梅段,84.0,都市：商,NULL,NULL,NULL,90320
RPPNMLNLIIIGFDH97DC,楊梅段,113.0,都市：商,NULL,NULL,NULL,90006
RPPNMLNLIIIGFDH97DC,楊梅段,12.0,都市：商,NULL,NULL,NULL,90350
RPPNMLOLIIIGFEH08CC,竹圍段拔子林小段,56.33,都市：住,NULL,NULL,NULL,2490000
RPOOMLPLIIIGFEH18CC,竹圍段拔子林小段,56.91,都市：住,NULL,NULL,NULL,2490000
RPRRMLQLIIIGFAH48CC,延壽段,22.3,都市：住,NULL,NULL,NULL,3000000
RPOOMLQLIIIGFBH97CC,榮民段,55.0,都市：工,NULL,NULL,NULL,12360011
RPOOMLQLIIIGFBH97CC,環東段,139.0,都市：住,NULL,NULL,NULL,1780003
RPXNMLQLIIIGFBH78CC,環東段,162.0,都市：住,NULL,NULL,NULL,1780000
RPXNMLQLIIIGFBH78CC,榮民段,20.0,都市：工,NULL,NULL,NULL,12360002
RPQOMLQLIIIGFBH18CC,青溪段,34.9,都市：住,NULL,NULL,NULL,4620000
RPVOMLQLIIIGFBH68CC,青昇段,15.0,都市：住,NULL,NULL,NULL,3690000
RPUPMLQLIIIGFBH68CC,青平段,40.14,都市：商,NULL,NULL,NULL,430000
RPVPMLQLIIIGFBH78CC,青平段,40.14,都市：商,NULL,NULL,NULL,430000
RPOQMLQLIIIGFBH18CC,青芝段,15.63,都市：商,NULL,NULL,NULL,1410000
RPSQMLQLIIIGFBH58CC,青芝段,15.63,都市：商,NULL,NULL,NULL,1410000
RPUNMLQLIIIGFEH78CC,竹圍段拔子林小段,49.75,都市：住,NULL,NULL,NULL,2490000
RPPNMLQLIIIGFCH08CC,武嶺段,256.0,都市：商,NULL,NULL,NULL,3790000
RPPNMLQLIIIGFCH08CC,武嶺段,169.0,都市：商,NULL,NULL,NULL,3780000
RPUNMLRLIIIGFEH88CC,錦明段,0.0,都市：工,NULL,NULL,NULL,1570000
RPOOMLLJJIIGFAH27CC,富國段,0.09,都市：住,NULL,NULL,NULL,3050001
RPOOMLLJJIIGFAH27CC,富國段,19.64,都市：住,NULL,NULL,NULL,3080000
RPPNMLPLRHIGFAI78DC,盧厝段,83.38,都市：住,NULL,NULL,NULL,3020000
RPPNMLMJIIIGFAI37CC,新富段五小段,98.0,都市：商,NULL,NULL,NULL,100011
RPSNMLPLRHIGFAI98CC,新富段六小段,84.0,都市：商,NULL,NULL,NULL,130004
RPVNMLPLRHIGFAI66CC,新太平段,18.64,都市：住,NULL,NULL,NULL,5410000
RPPNMLLLRHIGFDJ68CC,長威段,66.97,非都市：鄉村區 ; 非都市編定：乙種建築用地,NULL,NULL,NULL,16520004
RPQNMLMLRHIGFDJ88CC,光華段,83.09,都市：住,NULL,NULL,NULL,1790000
RPPNMLMLRHIGFDJ78CC,光華段,83.09,都市：住,NULL,NULL,NULL,1790000
RPPNMLPLRHIGFBJ88CC,文化段,56.2,都市：住,NULL,NULL,NULL,2980000
RPPNMLLLRHIGFBJ48CC,縣福段,4.59,都市：商,NULL,NULL,NULL,2740000
RPPNMLNLRHIGFBJ68CC,新國段,41.44,都市：住,NULL,NULL,NULL,5410000
RPPNMLRLRHIGFBJ09CC,縣福段,5.58,都市：商,NULL,NULL,NULL,2410000
RPQNMLNLRHIGFBJ78CC,中興段,8.63,都市：住,NULL,NULL,NULL,80000
RPPNMLQLRHIGFBJ98CC,國義段,37.64,都市：住,NULL,NULL,NULL,2500000
RPPNMLSLRHIGFCJ66CC,中山段,47.0,都市：住,NULL,NULL,NULL,120000
RPQNMLRLRHIGFCJ66CC,志學段,80.57,都市：住,NULL,NULL,NULL,11640000
RPQNMLRLRHIGFCJ66CC,志學段,0.15,都市：住,NULL,NULL,NULL,11640001
RPRNMLSLRHIGFDJ96CC,建興段鳳凰小段,9.9,非都市：工業區 ; 非都市編定：丁種建築用地,NULL,NULL,NULL,5770001
RPRNMLSLRHIGFDJ96CC,建興段鳳凰小段,9.9,非都市：工業區 ; 非都市編定：丁種建築用地,NULL,NULL,NULL,5770002
RPQNMLQJIIIGFDJ28CC,綠園段,9.4,非都市：特定農業區 ; 非都市編定：甲種建築用地,NULL,NULL,NULL,2790056
RPQNMLNKIIIGFDJ08CC,永安段,93.85,非都市：鄉村區 ; 非都市編定：乙種建築用地,NULL,NULL,NULL,4170000
RPRNMLTKIIIGFDJ78CC,中興段中興小段,35.53,非都市：工業區 ; 非都市編定：丁種建築用地,NULL,NULL,NULL,4590000
RPPNMLTKIIIGFBJ38CC,新庄子段,28.06,非都市：特定農業區 ; 非都市編定：甲種建築用地,NULL,NULL,NULL,10770000
RPPNMLKLIIIGFBJ57CC,縣福段,64.47,都市：住,NULL,NULL,NULL,1100000
RPQNMLRLIIIGFBJ38CC,竹仁段,66.0,都市：住,NULL,NULL,NULL,2200000
RPPNMLQJIIIGFBJ08DC,台元段,519.84,都市：工,NULL,NULL,NULL,3670000
RPQNMLPLRHIGFDK66CC,天聲段,28.13,都市：住,NULL,NULL,NULL,4340000
RPQNMLOJIIIGFBK97CC,南苗段,17.63,都市：商,NULL,NULL,NULL,2900000
RPQNMLOJIIIGFBK97CC,南苗段,62.64,都市：商,NULL,NULL,NULL,2910000
RPPNMLQJIIIGFDK28CC,公園段,21.98,都市：商,NULL,NULL,NULL,1910000
RPPNMLLLRHIGFEK88CC,銅鑼段銅鑼工業區小段,1377.0,非都市：工業區 ; 非都市編定：丁種建築用地,NULL,NULL,NULL,3770000
RPPNMLLLRHIGFEK88CC,銅鑼段銅鑼工業區小段,289.0,非都市：工業區 ; 非都市編定：丁種建築用地,NULL,NULL,NULL,3780000
RPQNMLPLRHIGFAM56CC,福助段,36.25,非都市：山坡地保育區 ; 非都市編定：丙種建築用地,NULL,NULL,NULL,2960000
RPQNMLPLRHIGFBM66CC,草屯段,117.0,都市：商,NULL,NULL,NULL,830006
RPPNMLQLRHIGFBM66CC,新富仁段,76.54,都市：住,NULL,NULL,NULL,760000
RPPNMLPLRHIGFBM56CC,中興段,12.03,都市：住,NULL,NULL,NULL,17410000
RPPNMLRLRHIGFGN37CC,新生段,101.03,都市：住,NULL,NULL,NULL,1090000
RPPNMLQLRHIGFDN96CC,民生段,6.46,都市：住,NULL,NULL,NULL,8590000
RPPNMLQLRHIGFDN96CC,民生段,2.54,都市：住,NULL,NULL,NULL,9100000
RPQNMLSLRHIGFAN96CC,埔崙段,51.0,都市：住,NULL,NULL,NULL,5050001
RPPNMLRLRHIGFHN47CC,大發段,95.0,都市：住,NULL,NULL,NULL,650007
RPQNMLRLRHIGFHN57CC,義民段,170.0,都市：住,NULL,NULL,NULL,2590000
RPQNMLSLRHIGFDN27CC,員林段,20.0,都市：住,NULL,NULL,NULL,4970015
RPQNMLMJIIIGFBN08CC,伸光段,68.0,都市：住,NULL,NULL,NULL,3550053
RPTNMLSLRHIGFAN27CC,嘉北段,132.23,非都市：特定農業區 ; 非都市編定：農牧用地,NULL,NULL,NULL,12410001
RPPNMLNKIIIGFAN08CC,明德段,68.8,都市：住,NULL,NULL,NULL,4780011
RPRNMLSLRHIGFDN37CC,地政段,75.0,都市：住,NULL,NULL,NULL,2580003
RPPNMLMKIIIGFAN97CC,西門口段,99.0,都市：住,NULL,NULL,NULL,4930004
RPPNMLMKIIIGFAN97CC,西門口段,64.0,都市：住,NULL,NULL,NULL,4930007
RPPNMLRKIIIGFAN48CC,新東興段,94.01,都市：農,NULL,NULL,NULL,7120000
RPQNMLQKIIIGFDN78CC,南勢段,193.31,都市：農,NULL,NULL,NULL,190000
RPQNMLQKIIIGFDN78CC,南勢段,190.03,都市：農,NULL,NULL,NULL,200000
RPPNMLOLIIIGFHN98CC,大溪段,95.0,都市：住,NULL,NULL,NULL,8690004
RPQNMLOLIIIGFHN09CC,鳳山段,16.68,都市：住,NULL,NULL,NULL,9530000
RPRNMLQLRHIGFAO96CC,大庄段,638.5,都市：農,NULL,NULL,NULL,5940000
RPTNMLNKIIIGFAO58CC,隆恩段,21.25,非都市：特定農業區 ; 非都市編定：甲種建築用地,NULL,NULL,NULL,1450000
RPTNMLNKIIIGFAO58CC,隆恩段,98.76,非都市：特定農業區 ; 非都市編定：甲種建築用地,NULL,NULL,NULL,1450010
RPPNMLPKIIIGFAO38CC,南華段,18.95,都市：商,NULL,NULL,NULL,4400000
RPPNMLOKIIIGFAO28CC,光武段,6.53,都市：商,NULL,NULL,NULL,10500001
RPTNMLPLRHIGFAP17CC,大崙段茄苳腳小段,92.0,非都市：特定農業區 ; 非都市編定：甲種建築用地,NULL,NULL,NULL,1320013
RPUNMLPLRHIGFAP27CC,斗六二段,165.47,都市：商,NULL,NULL,NULL,6030000
RPUNMLPLRHIGFAP27CC,斗六二段,32.01,都市：商,NULL,NULL,NULL,6040000
RPRNMLPLRHIGFAP96CC,秀才段,191.06,非都市：一般農業區 ; 非都市編定：甲種建築用地,NULL,NULL,NULL,3800000
RPVNMLPLRHIGFAP37CC,斗六二段,165.47,都市：商,NULL,NULL,NULL,6030000
RPQNMLPLRHIGFAP86CC,秀才段,191.06,非都市：一般農業區 ; 非都市編定：甲種建築用地,NULL,NULL,NULL,3800000
RPVNMLPLRHIGFAP37CC,斗六二段,32.01,都市：商,NULL,NULL,NULL,6040000
RPPNMLPLRHIGFAP76CC,秀才段,191.06,非都市：一般農業區 ; 非都市編定：甲種建築用地,NULL,NULL,NULL,3800000
RPSNMLPLRHIGFAP07CC,大崙段茄苳腳小段,96.0,非都市：特定農業區 ; 非都市編定：甲種建築用地,NULL,NULL,NULL,1320189
RPWNMLPLRHIGFAP47CC,斗六二段,165.47,都市：商,NULL,NULL,NULL,6030000
RPWNMLPLRHIGFAP47CC,斗六二段,32.01,都市：商,NULL,NULL,NULL,6040000
RPXNMLPLRHIGFAP57CC,斗六二段,165.47,都市：商,NULL,NULL,NULL,6030000
RPXNMLPLRHIGFAP57CC,斗六二段,32.01,都市：商,NULL,NULL,NULL,6040000
RPPOMLPLRHIGFAP86CC,斗六二段,165.47,都市：商,NULL,NULL,NULL,6030000
RPPOMLPLRHIGFAP86CC,斗六二段,32.01,都市：商,NULL,NULL,NULL,6040000
RPQOMLPLRHIGFAP96CC,斗六二段,165.47,都市：商,NULL,NULL,NULL,6030000
RPQOMLPLRHIGFAP96CC,斗六二段,32.01,都市：商,NULL,NULL,NULL,6040000
RPROMLPLRHIGFAP07CC,斗六二段,165.47,都市：商,NULL,NULL,NULL,6030000
RPSOMLPLRHIGFAP17CC,斗六二段,165.47,都市：商,NULL,NULL,NULL,6030000
RPROMLPLRHIGFAP07CC,斗六二段,32.01,都市：商,NULL,NULL,NULL,6040000
RPSOMLPLRHIGFAP17CC,斗六二段,32.01,都市：商,NULL,NULL,NULL,6040000
RPOOMLPLRHIGFAP76CC,斗六二段,165.47,都市：商,NULL,NULL,NULL,6030000
RPOOMLPLRHIGFAP76CC,斗六二段,32.01,都市：商,NULL,NULL,NULL,6040000
RPTOMLPLRHIGFAP27CC,斗六二段,165.47,都市：商,NULL,NULL,NULL,6030000
RPTOMLPLRHIGFAP27CC,斗六二段,32.01,都市：商,NULL,NULL,NULL,6040000
RPVOMLPLRHIGFAP47CC,斗六二段,165.47,都市：商,NULL,NULL,NULL,6030000
RPVOMLPLRHIGFAP47CC,斗六二段,32.01,都市：商,NULL,NULL,NULL,6040000
RPUOMLPLRHIGFAP37CC,斗六二段,165.47,都市：商,NULL,NULL,NULL,6030000
RPUOMLPLRHIGFAP37CC,斗六二段,32.01,都市：商,NULL,NULL,NULL,6040000
RPWOMLPLRHIGFAP57CC,斗六二段,165.47,都市：商,NULL,NULL,NULL,6030000
RPWOMLPLRHIGFAP57CC,斗六二段,32.01,都市：商,NULL,NULL,NULL,6040000
RPXOMLPLRHIGFAP67CC,斗六二段,165.47,都市：商,NULL,NULL,NULL,6030000
RPXOMLPLRHIGFAP67CC,斗六二段,32.01,都市：商,NULL,NULL,NULL,6040000
RPPNMLSLRHIGFAP07CC,大潭段社口小段,136.53,都市：住,NULL,NULL,NULL,4150005
RPOPMLPLRHIGFAP86CC,斗六二段,165.47,都市：商,NULL,NULL,NULL,6030000
RPOPMLPLRHIGFAP86CC,斗六二段,32.01,都市：商,NULL,NULL,NULL,6040000
RPPNMLRJIIIGFAP58CC,大潭段大潭小段,29.58,都市：住,NULL,NULL,NULL,9890000
RPSNMLQKIIIGFAP88CC,斗六一段,4.08,都市：住,NULL,NULL,NULL,4180000
RPRNMLQKIIIGFAP78CC,斗六一段,14.76,都市：住,NULL,NULL,NULL,4180000
RPPNMLSLRHIGFAP17DC,斗六二段,111.37,都市：商,NULL,NULL,NULL,7630000
RPPNMLOJIIIGFBQ48CC,嘉朴段,40.2,都市：住,NULL,NULL,NULL,1260000
RPPNMLSLRHIGFDQ47CC,太頂珠段,43.23,都市：住,NULL,NULL,NULL,240004
RPSNMLNJIIIGFAT88CC,萬後段,0.64,都市：住,NULL,NULL,NULL,3640001
RPSNMLNJIIIGFAT88CC,萬後段,75.0,都市：住,NULL,NULL,NULL,3640009
RPSNMLNJIIIGFAT88CC,萬後段,28.17,都市：住,NULL,NULL,NULL,3640013
RPPNMLQLRHIGFAT37DC,勝興段,9.52,都市：住,NULL,NULL,NULL,2900000
RPQNMLQLRHIGFAU47CC,富國段,9.53,都市：住,NULL,NULL,NULL,1380000
RPPOMLQLRHIGFAU47CC,國風段,49.0,都市：住,NULL,NULL,NULL,1370002
RPPNMLLLRHIGFAU86CC,樹人段,6.72,都市：住,NULL,NULL,NULL,5230000
RPPNMLLLRHIGFAU86CC,樹人段,7.63,都市：商,NULL,NULL,NULL,5430000
RPTNMLQLRHIGFAU77CC,自強段,5.63,都市：住,NULL,NULL,NULL,140000
RPQOMLQLRHIGFAU57CC,民生段,21.23,都市：商,NULL,NULL,NULL,11720000
RPSNMLQLRHIGFAU67CC,富國段,26.21,都市：住,NULL,NULL,NULL,610001
RPPNMLRLRHIGFAU47CC,林森段,32.75,都市：住,NULL,NULL,NULL,22290002
RPUNMLQLRHIGFAU87CC,莊敬段,10.61,都市：住,NULL,NULL,NULL,420000
RPVNMLQLRHIGFAU97CC,莊敬段,90.0,都市：住,NULL,NULL,NULL,890000
RPQNMLRLRHIGFAU57CC,國股段,449.94,都市：住,NULL,NULL,NULL,5150000
RPRNMLRLRHIGFAU67CC,慈惠段,58.85,都市：住,NULL,NULL,NULL,11850002
RPPNMLOJIIIGFAU78CC,自強段,5.62,都市：住,NULL,NULL,NULL,140000
RPOOMLMKIIIGFAU68CC,宜安段,32.18,都市：住,NULL,NULL,NULL,5890000
RPRNMLMKIIIGFAU88CC,民生段,15.59,都市：商,NULL,NULL,NULL,11720000
RPPNMLMKIIIGFAU68CC,自強段,6.36,都市：住,NULL,NULL,NULL,3850000
RPVNMLNLIIIGFAU86CC,富國段,130.0,都市：住,NULL,NULL,NULL,680012
RPXNMLNLIIIGFAU07CC,明義段,120.0,都市：住,NULL,NULL,NULL,12060005
RPPNMLOLIIIGFAU98CC,明義段,120.0,都市：商,NULL,NULL,NULL,12060005
RPWNMLNLIIIGFAU96CC,南埔段,821.0,非都市：特定農業區 ; 非都市編定：農牧用地,NULL,NULL,NULL,32640005
RPQNMLRJJIIGFAU66CC,功學段,132.23,都市：住,NULL,NULL,NULL,7900007
RPRNMLPLIIIGFAU66CC,明義段,27.39,都市：商,NULL,NULL,NULL,11530000
RPRNMLRJJIIGFAU76CC,慈惠段,135.64,都市：商,NULL,NULL,NULL,11290000
RPPNMLQLRHIGFAV47CC,台東段,41.0,都市：商,NULL,NULL,NULL,4650006
RPPNMLNLIIIGFAV98CC,新生段,105.0,都市：住,NULL,NULL,NULL,5200003